AL	AP	DAL	StartOffset	EndOffset	LAAL	NumChunks	RTF
1983.925	0.282	1983.925	1983.925	-362.016	1983.925	1.0	0.846
1966.122	0.2	1966.122	1966.122	-495.919	1966.122	1.0	0.799
1862.58	0.34	1862.58	1862.58	39.088	1862.58	1.0	1.021
1647.282	0.343	1647.282	1647.282	44.38	1647.282	1.0	1.028
1957.65	0.164	1957.65	1957.65	-434.731	1957.65	1.0	0.818
1959.944	0.18	1959.944	1959.944	-223.457	1959.944	1.0	0.898
							
1885.531	0.34	1885.531	1885.531	38.819	1885.531	1.0	1.021
1732.663	0.511	1732.663	1732.663	36.881	1732.663	1.0	1.022
1959.279	0.511	1959.279	1959.279	42.907	1959.279	1.0	1.022
1804.533	0.511	1804.533	1804.533	39.091	1804.533	1.0	1.022
1598.033	0.513	1598.033	1598.033	41.57	1598.033	1.0	1.027
1961.461	0.341	1961.461	1961.461	45.089	1961.461	1.0	1.024
1527.619	0.514	1527.619	1527.619	40.816	1527.619	1.0	1.027
1961.683	0.452	1961.683	1961.683	-210.108	1961.683	1.0	0.903
							
1961.546	0.287	1961.546	1961.546	-314.735	1961.546	1.0	0.862
1907.09	0.34	1907.09	1907.09	37.158	1907.09	1.0	1.02
1842.575	0.341	1842.575	1842.575	42.303	1842.575	1.0	1.023
1782.546	0.512	1782.546	1782.546	40.324	1782.546	1.0	1.023
1651.502	0.511	1651.502	1651.502	36.99	1651.502	1.0	1.023
1959.594	0.325	1959.594	1959.594	-49.658	1959.594	1.0	0.975
1958.079	0.2	1958.079	1958.079	-492.352	1958.079	1.0	0.799
1957.379	0.212	1957.379	1957.379	-353.732	1957.379	1.0	0.847
1961.304	0.464	1961.304	1961.304	-152.437	1961.304	1.0	0.928
1961.107	0.431	1961.107	1961.107	-315.174	1961.107	1.0	0.862
							
1564.63	0.514	1564.63	1564.63	42.997	1564.63	1.0	1.028
1799.595	0.513	1799.595	1799.595	45.763	1799.595	1.0	1.026
1961.537	0.146	1961.537	1961.537	-721.093	1961.537	1.0	0.731
1990.415	0.151	1990.415	1990.415	-645.775	1990.415	1.0	0.755
1965.89	0.225	1965.89	1965.89	-217.511	1965.89	1.0	0.9
1960.521	0.331	1960.521	1960.521	-13.901	1960.521	1.0	0.993
1933.911	0.511	1933.911	1933.911	40.759	1933.911	1.0	1.022
							
							
							
							
							
							
							
							
							
							
							
							
							
							
							
							
1417.679	1.026	1417.679	1417.679	35.366	1417.679	1.0	1.026
							
1431.827	1.027	1431.827	1431.827	37.904	1431.827	1.0	1.027
							
1557.101	1.031	1557.101	1557.101	47.078	1557.101	1.0	1.031
1634.838	1.027	1634.838	1634.838	43.546	1634.838	1.0	1.027
1416.593	1.033	1416.593	1416.593	45.89	1416.593	1.0	1.033
1722.484	1.023	1722.484	1722.484	38.312	1722.484	1.0	1.023
1432.137	1.027	1432.137	1432.137	38.214	1432.137	1.0	1.027
1571.936	1.025	1571.936	1571.936	38.693	1571.936	1.0	1.025
1549.498	1.026	1549.498	1549.498	39.475	1549.498	1.0	1.026
							
							
							
							
1960.646	0.082	1960.646	1960.646	-2022.302	1960.646	1.0	0.492
1804.223	0.511	1804.223	1804.223	38.781	1804.223	1.0	1.022
1961.875	0.318	1961.875	1961.875	-93.817	1961.875	1.0	0.954
1958.553	0.302	1958.553	1958.553	-201.628	1958.553	1.0	0.907
1962.416	0.296	1962.416	1962.416	-244.205	1962.416	1.0	0.889
1957.289	0.166	1957.289	1957.289	-992.371	1957.289	1.0	0.664
1960.411	0.122	1960.411	1960.411	-1256.278	1960.411	1.0	0.609
1969.386	0.125	1969.386	1969.386	-1189.253	1969.386	1.0	0.623
1958.852	0.171	1958.852	1958.852	-909.538	1958.852	1.0	0.683
1957.342	0.179	1957.342	1957.342	-783.338	1957.342	1.0	0.714
1965.196	0.182	1965.196	1965.196	-729.044	1965.196	1.0	0.729
1968.323	0.18	1968.323	1968.323	-760.747	1968.323	1.0	0.721
1965.93	0.177	1965.93	1965.93	-809.58	1965.93	1.0	0.708
1966.241	0.22	1966.241	1966.241	-263.6	1966.241	1.0	0.882
1965.123	0.122	1965.123	1965.123	-729.118	1965.123	1.0	0.729
1957.675	0.114	1957.675	1957.675	-899.105	1957.675	1.0	0.685
1961.311	0.133	1961.311	1961.311	-489.12	1961.311	1.0	0.8
1644.134	0.513	1644.134	1644.134	41.232	1644.134	1.0	1.026
1961.631	0.1	1961.631	1961.631	-837.099	1961.631	1.0	0.701
1966.198	0.092	1966.198	1966.198	-1076.342	1966.198	1.0	0.646
1962.997	0.092	1962.997	1962.997	-1091.153	1962.997	1.0	0.643
1965.935	0.091	1965.935	1965.935	-1134.654	1965.935	1.0	0.634
1964.944	0.072	1964.944	1964.944	-1425.895	1964.944	1.0	0.579
1959.316	0.074	1959.316	1959.316	-1338.643	1959.316	1.0	0.594
1738.314	0.513	1738.314	1738.314	42.531	1738.314	1.0	1.025
1849.019	0.52	1849.019	1849.019	70.561	1849.019	1.0	1.04
1719.21	0.514	1719.21	1719.21	45.242	1719.21	1.0	1.027
1964.378	0.163	1964.378	1964.378	-451.223	1964.378	1.0	0.813
1963.412	0.286	1963.412	1963.412	-324.479	1963.412	1.0	0.858
1963.715	0.096	1963.715	1963.715	-1450.344	1963.715	1.0	0.575
1967.69	0.057	1967.69	1967.69	-1900.564	1967.69	1.0	0.509
							
1763.183	0.513	1763.183	1763.183	44.181	1763.183	1.0	1.026
1966.069	0.15	1966.069	1966.069	-648.308	1966.069	1.0	0.752
1960.241	0.142	1960.241	1960.241	-792.049	1960.241	1.0	0.712
1580.231	0.515	1580.231	1580.231	46.988	1580.231	1.0	1.031
							
1960.953	0.216	1960.953	1960.953	-303.718	1960.953	1.0	0.866
1739.853	0.513	1739.853	1739.853	44.071	1739.853	1.0	1.026
1806.708	0.512	1806.708	1806.708	41.266	1806.708	1.0	1.023
							
							
1957.214	0.164	1957.214	1957.214	-435.167	1957.214	1.0	0.818
1958.236	0.062	1958.236	1958.236	-2570.381	1958.236	1.0	0.432
1968.919	0.181	1968.919	1968.919	-749.947	1968.919	1.0	0.724
1966.642	0.158	1966.642	1966.642	-530.229	1966.642	1.0	0.788
1964.027	0.089	1964.027	1964.027	-1206.223	1964.027	1.0	0.62
1964.138	0.09	1964.138	1964.138	-1682.121	1964.138	1.0	0.539
1960.827	0.509	1960.827	1960.827	32.845	1960.827	1.0	1.017
1962.915	0.32	1962.915	1962.915	-81.167	1962.915	1.0	0.96
1965.221	0.303	1965.221	1965.221	-194.961	1965.221	1.0	0.91
1452.289	0.512	1452.289	1452.289	35.146	1452.289	1.0	1.025
1797.126	0.342	1797.126	1797.126	43.294	1797.126	1.0	1.025
1760.492	0.512	1760.492	1760.492	41.49	1760.492	1.0	1.024
1725.897	0.342	1725.897	1725.897	41.725	1725.897	1.0	1.025
1958.799	0.179	1958.799	1958.799	-770.271	1958.799	1.0	0.718
1956.922	0.044	1956.922	1956.922	-2049.246	1956.922	1.0	0.488
							
1966.669	0.473	1966.669	1966.669	-112.242	1966.669	1.0	0.946
1969.007	0.305	1969.007	1969.007	-179.564	1969.007	1.0	0.916
1962.782	0.074	1962.782	1962.782	-1822.796	1962.782	1.0	0.518
1961.125	0.08	1961.125	1961.125	-2103.093	1961.125	1.0	0.483
1963.501	0.145	1963.501	1963.501	-742.349	1963.501	1.0	0.726
							
1961.16	0.204	1961.16	1961.16	-444.237	1961.16	1.0	0.815
1961.144	0.191	1961.144	1961.144	-605.387	1961.144	1.0	0.764
1466.395	1.026	1466.395	1466.395	37.642	1466.395	1.0	1.026
1561.14	0.513	1561.14	1561.14	39.507	1561.14	1.0	1.026
1611.817	0.513	1611.817	1611.817	42.338	1611.817	1.0	1.027
1958.381	0.081	1958.381	1958.381	-1513.728	1958.381	1.0	0.564
1972.765	0.208	1972.765	1972.765	-396.396	1972.765	1.0	0.833
1974.035	0.2	1974.035	1974.035	-499.616	1974.035	1.0	0.798
1979.224	0.254	1979.224	1979.224	-622.136	1979.224	1.0	0.761
1965.459	0.223	1965.459	1965.459	-972.591	1965.459	1.0	0.669
1910.979	0.514	1910.979	1910.979	52.657	1910.979	1.0	1.028
1720.676	0.518	1720.676	1720.676	59.723	1720.676	1.0	1.036
1971.634	0.156	1971.634	1971.634	-560.067	1971.634	1.0	0.779
1973.052	0.13	1973.052	1973.052	-1059.284	1973.052	1.0	0.651
1993.051	0.24	1993.051	1993.051	-770.849	1993.051	1.0	0.721
1968.37	0.18	1968.37	1968.37	-772.31	1968.37	1.0	0.718
1963.005	0.303	1963.005	1963.005	-197.177	1963.005	1.0	0.909
1959.102	0.051	1959.102	1959.102	-2836.544	1959.102	1.0	0.409
1995.555	0.043	1995.555	1995.555	-3126.576	1995.555	1.0	0.39
1984.28	0.172	1984.28	1984.28	-895.72	1984.28	1.0	0.689
1978.151	0.188	1978.151	1978.151	-646.429	1978.151	1.0	0.754
1976.834	0.247	1976.834	1976.834	-20.808	1976.834	1.0	0.99
1667.805	0.513	1667.805	1667.805	41.683	1667.805	1.0	1.026
1972.48	0.087	1972.48	1972.48	-1801.488	1972.48	1.0	0.523
1965.127	0.074	1965.127	1965.127	-1832.061	1965.127	1.0	0.518
1970.856	0.119	1970.856	1970.856	-781.434	1970.856	1.0	0.716
							
							
1875.7	0.514	1875.7	1875.7	52.208	1875.7	1.0	1.029
1843.55	0.512	1843.55	1843.55	43.278	1843.55	1.0	1.024
1959.23	0.163	1959.23	1959.23	-50.022	1959.23	1.0	0.975
1963.123	0.138	1963.123	1963.123	-882.047	1963.123	1.0	0.69
							
							
1995.522	0.05	1995.522	1995.522	-2440.215	1995.522	1.0	0.45
							
1979.801	0.085	1979.801	1979.801	-1366.004	1979.801	1.0	0.592
1970.816	0.079	1970.816	1970.816	-1605.783	1970.816	1.0	0.551
1963.743	0.333	1963.743	1963.743	0.931	1963.743	1.0	1.0
1936.243	0.341	1936.243	1936.243	43.091	1936.243	1.0	1.023
1990.742	0.221	1990.742	1990.742	-262.32	1990.742	1.0	0.884
1967.471	0.214	1967.471	1967.471	-333.436	1967.471	1.0	0.855
1967.792	0.113	1967.792	1967.792	-923.818	1967.792	1.0	0.681
1963.713	0.159	1963.713	1963.713	-509.938	1963.713	1.0	0.794
1859.958	0.257	1859.958	1859.958	48.076	1859.958	1.0	1.027
1734.111	0.345	1734.111	1734.111	60.143	1734.111	1.0	1.036
1424.91	0.344	1424.91	1424.91	42.597	1424.91	1.0	1.031
							
1637.767	0.343	1637.767	1637.767	46.475	1637.767	1.0	1.029
							
							
							
1964.984	0.123	1964.984	1964.984	-1240.095	1964.984	1.0	0.613
1972.862	0.154	1972.862	1972.862	-1232.217	1972.862	1.0	0.616
1971.322	0.055	1971.322	1971.322	-2046.456	1971.322	1.0	0.491
1969.309	0.228	1969.309	1969.309	-910.691	1969.309	1.0	0.684
1966.603	0.227	1966.603	1966.603	-925.007	1966.603	1.0	0.68
							
1414.671	1.032	1414.671	1414.671	43.968	1414.671	1.0	1.032
1877.274	0.515	1877.274	1877.274	53.782	1877.274	1.0	1.029
1972.247	0.162	1972.247	1972.247	-466.574	1972.247	1.0	0.809
1803.569	0.514	1803.569	1803.569	49.737	1803.569	1.0	1.028
1972.176	0.333	1972.176	1972.176	-2.246	1972.176	1.0	0.999
1968.552	0.301	1968.552	1968.552	-214.85	1968.552	1.0	0.902
1968.63	0.319	1968.63	1968.63	-87.062	1968.63	1.0	0.958
1971.414	0.215	1971.414	1971.414	-316.477	1971.414	1.0	0.862
1967.424	0.334	1967.424	1967.424	4.612	1967.424	1.0	1.002
1967.832	0.213	1967.832	1967.832	-343.279	1967.832	1.0	0.851
1965.81	0.196	1965.81	1965.81	-544.077	1965.81	1.0	0.783
1967.208	0.315	1967.208	1967.208	-111.703	1967.208	1.0	0.946
1965.958	0.313	1965.958	1965.958	-125.969	1965.958	1.0	0.94
1968.747	0.307	1968.747	1968.747	-168.215	1968.747	1.0	0.921
1964.841	0.213	1964.841	1964.841	-346.27	1964.841	1.0	0.85
1962.787	0.292	1962.787	1962.787	-278.664	1962.787	1.0	0.876
1969.161	0.334	1969.161	1969.161	6.349	1969.161	1.0	1.003
1969.933	0.337	1969.933	1969.933	18.731	1969.933	1.0	1.01
1967.795	0.307	1967.795	1967.795	-169.167	1967.795	1.0	0.921
1969.2	0.188	1969.2	1969.2	-655.381	1969.2	1.0	0.75
1967.046	0.145	1967.046	1967.046	-738.804	1967.046	1.0	0.727
1965.02	0.281	1965.02	1965.02	-369.311	1965.02	1.0	0.842
1664.725	0.516	1664.725	1664.725	50.212	1664.725	1.0	1.031
1965.781	0.094	1965.781	1965.781	-1030.319	1965.781	1.0	0.656
1962.225	0.062	1962.225	1962.225	-1997.503	1962.225	1.0	0.496
1886.209	0.34	1886.209	1886.209	39.497	1886.209	1.0	1.021
1960.394	0.279	1960.394	1960.394	-385.547	1960.394	1.0	0.836
1970.244	0.235	1970.244	1970.244	-121.683	1970.244	1.0	0.942
1691.764	0.513	1691.764	1691.764	42.422	1691.764	1.0	1.026
1969.312	0.293	1969.312	1969.312	-272.139	1969.312	1.0	0.879
1959.617	0.06	1959.617	1959.617	-2127.821	1959.617	1.0	0.479
1775.999	0.513	1775.999	1775.999	45.387	1775.999	1.0	1.026
1968.919	0.15	1968.919	1968.919	-655.662	1968.919	1.0	0.75
1963.469	0.145	1963.469	1963.469	-742.381	1963.469	1.0	0.726
1601.115	0.514	1601.115	1601.115	44.652	1601.115	1.0	1.029
1966.422	0.035	1966.422	1966.422	-3653.533	1966.422	1.0	0.35
1565.574	0.514	1565.574	1565.574	43.942	1565.574	1.0	1.029
1964.202	0.278	1964.202	1964.202	-393.349	1964.202	1.0	0.833
1966.342	0.264	1966.342	1966.342	-518.919	1966.342	1.0	0.791
1865.823	0.512	1865.823	1865.823	42.331	1865.823	1.0	1.023
1965.669	0.1	1965.669	1965.669	-1320.68	1965.669	1.0	0.598
1966.852	0.163	1966.852	1966.852	-448.749	1966.852	1.0	0.814
1968.13	0.242	1968.13	1968.13	-64.342	1968.13	1.0	0.968
1967.619	0.319	1967.619	1967.619	-88.073	1967.619	1.0	0.957
1965.582	0.342	1965.582	1965.582	49.21	1965.582	1.0	1.026
1822.439	0.512	1822.439	1822.439	43.981	1822.439	1.0	1.025
1961.851	0.053	1961.851	1961.851	-2671.256	1961.851	1.0	0.423
1971.979	0.136	1971.979	1971.979	-1662.669	1971.979	1.0	0.543
1966.128	0.088	1966.128	1966.128	-1749.79	1966.128	1.0	0.529
1963.862	0.322	1963.862	1963.862	-68.61	1963.862	1.0	0.966
1965.682	0.177	1965.682	1965.682	-809.828	1965.682	1.0	0.708
1970.905	0.089	1970.905	1970.905	-1733.403	1970.905	1.0	0.532
1536.185	0.517	1536.185	1536.185	49.382	1536.185	1.0	1.033
1633.946	0.513	1633.946	1633.946	42.653	1633.946	1.0	1.027
1960.861	0.176	1960.861	1960.861	-826.259	1960.861	1.0	0.704
1963.303	0.083	1963.303	1963.303	-1984.815	1963.303	1.0	0.497
1965.233	0.111	1965.233	1965.233	-1589.551	1965.233	1.0	0.553
1968.128	0.061	1968.128	1968.128	-2641.759	1968.128	1.0	0.427
1960.527	0.079	1960.527	1960.527	-2184.96	1960.527	1.0	0.473
1965.798	0.08	1965.798	1965.798	-2133.249	1965.798	1.0	0.48
1964.848	0.063	1964.848	1964.848	-2459.279	1964.848	1.0	0.444
1963.568	0.054	1963.568	1963.568	-3215.208	1963.568	1.0	0.379
1967.223	0.054	1967.223	1967.223	-2549.784	1967.223	1.0	0.436
1960.546	0.488	1960.546	1960.546	-48.706	1960.546	1.0	0.976
1965.346	0.145	1965.346	1965.346	-740.504	1965.346	1.0	0.726
1968.471	0.133	1968.471	1968.471	-992.799	1968.471	1.0	0.665
1969.331	0.078	1969.331	1969.331	-2245.816	1969.331	1.0	0.467
1964.174	0.214	1964.174	1964.174	-1089.976	1964.174	1.0	0.643
							
1818.189	0.343	1818.189	1818.189	52.747	1818.189	1.0	1.03
1969.806	0.304	1969.806	1969.806	-190.375	1969.806	1.0	0.912
1903.576	0.512	1903.576	1903.576	45.254	1903.576	1.0	1.024
1961.199	0.234	1961.199	1961.199	-130.728	1961.199	1.0	0.938
1965.667	0.109	1965.667	1965.667	-1634.151	1965.667	1.0	0.546
1967.14	0.125	1967.14	1967.14	-1179.89	1967.14	1.0	0.625
1975.164	0.122	1975.164	1975.164	-1253.135	1975.164	1.0	0.612
1972.603	0.163	1972.603	1972.603	-1046.716	1972.603	1.0	0.653
1972.507	0.05	1972.507	1972.507	-2370.35	1972.507	1.0	0.454
1968.995	0.231	1968.995	1968.995	-876.175	1968.995	1.0	0.692
1963.746	0.062	1963.746	1963.746	-2008.998	1963.746	1.0	0.494
1962.187	0.075	1962.187	1962.187	-1300.942	1962.187	1.0	0.601
1963.069	0.137	1963.069	1963.069	-1625.14	1963.069	1.0	0.547
1965.296	0.206	1965.296	1965.296	-415.475	1965.296	1.0	0.825
							
							
1891.102	0.512	1891.102	1891.102	44.39	1891.102	1.0	1.024
1962.141	0.494	1962.141	1962.141	-25.297	1962.141	1.0	0.987
1775.309	0.513	1775.309	1775.309	44.697	1775.309	1.0	1.026
1586.98	0.514	1586.98	1586.98	42.127	1586.98	1.0	1.027
1706.692	0.514	1706.692	1706.692	45.74	1706.692	1.0	1.028
1530.897	0.515	1530.897	1530.897	44.094	1530.897	1.0	1.03
1599.901	0.343	1599.901	1599.901	43.439	1599.901	1.0	1.028
							
							
							
1966.687	0.13	1966.687	1966.687	-1052.633	1966.687	1.0	0.651
1963.925	0.045	1963.925	1963.925	-2924.601	1963.925	1.0	0.402
1958.786	0.496	1958.786	1958.786	-15.636	1958.786	1.0	0.992
1961.091	0.07	1961.091	1961.091	-1534.238	1961.091	1.0	0.561
1961.405	0.058	1961.405	1961.405	-1824.173	1961.405	1.0	0.518
							
1959.509	0.159	1959.509	1959.509	-502.532	1959.509	1.0	0.796
1961.066	0.086	1961.066	1961.066	-1302.063	1961.066	1.0	0.601
1959.683	0.088	1959.683	1959.683	-1233.786	1959.683	1.0	0.614
1966.514	0.073	1966.514	1966.514	-1865.504	1966.514	1.0	0.513
							
							
							
1961.051	0.283	1961.051	1961.051	-350.06	1961.051	1.0	0.849
1962.123	0.304	1962.123	1962.123	-186.449	1962.123	1.0	0.913
1619.339	0.342	1619.339	1619.339	39.656	1619.339	1.0	1.025
1924.698	0.341	1924.698	1924.698	41.75	1924.698	1.0	1.022
1866.312	0.341	1866.312	1866.312	42.82	1866.312	1.0	1.023
1511.548	0.512	1511.548	1511.548	36.355	1511.548	1.0	1.025
1964.016	0.154	1964.016	1964.016	-590.905	1964.016	1.0	0.769
1970.978	0.168	1970.978	1970.978	-374.963	1970.978	1.0	0.84
1565.766	0.518	1565.766	1565.766	55.743	1565.766	1.0	1.037
							
							
1512.948	0.516	1512.948	1512.948	47.959	1512.948	1.0	1.033
							
							
1780.231	0.343	1780.231	1780.231	49.619	1780.231	1.0	1.029
1779.511	0.343	1779.511	1779.511	48.899	1779.511	1.0	1.028
1757.147	0.343	1757.147	1757.147	49.755	1757.147	1.0	1.029
1596.521	0.517	1596.521	1596.521	51.669	1596.521	1.0	1.033
1494.472	0.515	1494.472	1494.472	42.499	1494.472	1.0	1.029
1759.455	0.341	1759.455	1759.455	40.453	1759.455	1.0	1.024
1633.96	0.513	1633.96	1633.96	42.668	1633.96	1.0	1.027
1598.025	0.513	1598.025	1598.025	41.562	1598.025	1.0	1.027
1478.87	0.513	1478.87	1478.87	38.507	1478.87	1.0	1.027
1597.281	0.513	1597.281	1597.281	40.818	1597.281	1.0	1.026
							
1505.995	0.343	1505.995	1505.995	41.007	1505.995	1.0	1.028
1420.321	0.514	1420.321	1420.321	38.008	1420.321	1.0	1.027
1504.479	0.513	1504.479	1504.479	39.49	1504.479	1.0	1.027
							
							
							
1689.332	0.512	1689.332	1689.332	39.99	1689.332	1.0	1.024
							
							
1527.233	1.027	1527.233	1527.233	40.43	1527.233	1.0	1.027
1961.816	0.485	1961.816	1961.816	-59.046	1961.816	1.0	0.971
							
							
							
							
							
1667.672	0.513	1667.672	1667.672	41.55	1667.672	1.0	1.026
1492.534	1.028	1492.534	1492.534	40.561	1492.534	1.0	1.028
							
1585.06	0.513	1585.06	1585.06	40.207	1585.06	1.0	1.026
1668.845	0.342	1668.845	1668.845	42.723	1668.845	1.0	1.026
1492.712	0.514	1492.712	1492.712	40.739	1492.712	1.0	1.028
1548.126	0.513	1548.126	1548.126	38.104	1548.126	1.0	1.025
1530.124	0.515	1530.124	1530.124	43.321	1530.124	1.0	1.029
1536.878	0.513	1536.878	1536.878	38.465	1536.878	1.0	1.026
1657.155	0.513	1657.155	1657.155	42.642	1657.155	1.0	1.026
							
							
							
1514.274	0.513	1514.274	1514.274	39.081	1514.274	1.0	1.026
							
1961.302	0.331	1961.302	1961.302	-13.12	1961.302	1.0	0.993
1465.084	0.513	1465.084	1465.084	36.331	1465.084	1.0	1.025
1963.746	0.475	1963.746	1963.746	-103.556	1963.746	1.0	0.95
							
1726.721	0.342	1726.721	1726.721	42.548	1726.721	1.0	1.025
1966.327	0.239	1966.327	1966.327	-89.364	1966.327	1.0	0.957
1666.761	0.342	1666.761	1666.761	40.639	1666.761	1.0	1.025
1550.612	0.513	1550.612	1550.612	40.59	1550.612	1.0	1.027
1960.829	0.098	1960.829	1960.829	-1384.976	1960.829	1.0	0.586
1958.74	0.502	1958.74	1958.74	7.538	1958.74	1.0	1.004
1819.027	0.511	1819.027	1819.027	40.569	1819.027	1.0	1.023
							
1660.123	0.343	1660.123	1660.123	45.61	1660.123	1.0	1.028
1963.141	0.477	1963.141	1963.141	-92.55	1963.141	1.0	0.955
1683.209	0.514	1683.209	1683.209	45.477	1683.209	1.0	1.028
1979.198	0.471	1979.198	1979.198	-122.933	1979.198	1.0	0.942
1961.974	0.418	1961.974	1961.974	-383.967	1961.974	1.0	0.836
1841.473	0.511	1841.473	1841.473	41.201	1841.473	1.0	1.023
1965.759	0.229	1965.759	1965.759	-891.021	1965.759	1.0	0.688
							
1969.589	0.197	1969.589	1969.589	-527.282	1969.589	1.0	0.789
1966.48	0.211	1966.48	1966.48	-367.851	1966.48	1.0	0.842
1739.269	0.513	1739.269	1739.269	43.487	1739.269	1.0	1.026
1671.466	0.514	1671.466	1671.466	45.344	1671.466	1.0	1.028
1962.286	0.293	1962.286	1962.286	-267.555	1962.286	1.0	0.88
1785.542	0.512	1785.542	1785.542	43.32	1785.542	1.0	1.025
1479.419	0.514	1479.419	1479.419	39.056	1479.419	1.0	1.027
1966.474	0.166	1966.474	1966.474	-402.687	1966.474	1.0	0.83
							
1967.597	0.34	1967.597	1967.597	39.615	1967.597	1.0	1.021
1567.079	0.515	1567.079	1567.079	45.446	1567.079	1.0	1.03
1965.021	0.32	1965.021	1965.021	-79.061	1965.021	1.0	0.961
1961.534	0.266	1961.534	1961.534	-500.507	1961.534	1.0	0.797
1889.388	0.341	1889.388	1889.388	42.676	1889.388	1.0	1.023
1894.551	0.342	1894.551	1894.551	47.839	1894.551	1.0	1.026
1967.179	0.213	1967.179	1967.179	-343.932	1967.179	1.0	0.851
1971.498	0.208	1971.498	1971.498	-397.663	1971.498	1.0	0.832
1964.501	0.202	1964.501	1964.501	-462.71	1964.501	1.0	0.809
1961.919	0.218	1961.919	1961.919	-291.142	1961.919	1.0	0.871
1961.437	0.301	1961.437	1961.437	-210.354	1961.437	1.0	0.903
1963.5	0.208	1963.5	1963.5	-394.051	1963.5	1.0	0.833
1963.435	0.111	1963.435	1963.435	-986.225	1963.435	1.0	0.666
1965.217	0.106	1965.217	1965.217	-1135.373	1965.217	1.0	0.634
1961.85	0.217	1961.85	1961.85	-302.821	1961.85	1.0	0.866
1962.546	0.308	1962.546	1962.546	-162.805	1962.546	1.0	0.923
1494.633	0.343	1494.633	1494.633	42.66	1494.633	1.0	1.029
1964.782	0.168	1964.782	1964.782	-381.159	1964.782	1.0	0.838
1968.414	0.177	1968.414	1968.414	-249.817	1968.414	1.0	0.887
1439.435	0.521	1439.435	1439.435	57.122	1439.435	1.0	1.041
1972.129	0.327	1972.129	1972.129	-37.123	1972.129	1.0	0.982
1813.935	0.514	1813.935	1813.935	48.493	1813.935	1.0	1.027
1948.143	0.511	1948.143	1948.143	43.381	1948.143	1.0	1.023
1851.369	0.511	1851.369	1851.369	39.487	1851.369	1.0	1.022
1647.094	0.514	1647.094	1647.094	44.192	1647.094	1.0	1.028
1949.729	0.341	1949.729	1949.729	44.967	1949.729	1.0	1.024
1519.082	0.515	1519.082	1519.082	43.889	1519.082	1.0	1.03
1964.542	0.445	1964.542	1964.542	-242.079	1964.542	1.0	0.89
							
1960.762	0.287	1960.762	1960.762	-315.519	1960.762	1.0	0.861
1889.479	0.341	1889.479	1889.479	42.767	1889.479	1.0	1.023
1777.269	0.342	1777.269	1777.269	46.657	1777.269	1.0	1.027
1796.179	0.512	1796.179	1796.179	42.347	1796.179	1.0	1.024
1669.343	0.513	1669.343	1669.343	43.221	1669.343	1.0	1.027
1961.703	0.311	1961.703	1961.703	-140.429	1961.703	1.0	0.933
1970.086	0.19	1970.086	1970.086	-619.665	1970.086	1.0	0.761
1975.059	0.207	1975.059	1975.059	-405.712	1975.059	1.0	0.83
1971.965	0.464	1971.965	1971.965	-153.386	1971.965	1.0	0.928
1968.387	0.446	1968.387	1968.387	-238.234	1968.387	1.0	0.892
							
1647.279	0.514	1647.279	1647.279	44.376	1647.279	1.0	1.028
1738.089	0.512	1738.089	1738.089	42.307	1738.089	1.0	1.025
1959.357	0.147	1959.357	1959.357	-700.053	1959.357	1.0	0.737
1875.792	0.511	1875.792	1875.792	40.69	1875.792	1.0	1.022
							
							
							
							
							
							
							
							
							
							
							
							
							
							
							
							
							
							
							
							
1588.292	1.028	1588.292	1588.292	43.44	1588.292	1.0	1.028
1609.775	1.026	1609.775	1609.775	40.297	1609.775	1.0	1.026
1434.281	1.029	1434.281	1434.281	40.358	1434.281	1.0	1.029
1540.974	1.028	1540.974	1540.974	42.561	1540.974	1.0	1.028
1508.662	1.03	1508.662	1508.662	43.673	1508.662	1.0	1.03
1496.53	1.031	1496.53	1496.53	44.557	1496.53	1.0	1.031
1593.298	1.024	1593.298	1593.298	36.835	1593.298	1.0	1.024
							
1455.138	1.027	1455.138	1455.138	37.995	1455.138	1.0	1.027
							
							
1965.02	0.078	1965.02	1965.02	-2250.128	1965.02	1.0	0.466
1845.311	0.513	1845.311	1845.311	45.039	1845.311	1.0	1.025
1964.685	0.231	1964.685	1964.685	-160.667	1964.685	1.0	0.924
1969.116	0.323	1969.116	1969.116	-63.356	1969.116	1.0	0.969
1987.031	0.32	1987.031	1987.031	-80.271	1987.031	1.0	0.961
1962.84	0.31	1962.84	1962.84	-150.902	1962.84	1.0	0.929
1963.331	0.175	1963.331	1963.331	-835.399	1963.331	1.0	0.702
1966.306	0.118	1966.306	1966.306	-1354.873	1966.306	1.0	0.592
1966.259	0.12	1966.259	1966.259	-1320.09	1966.259	1.0	0.598
1969.231	0.184	1969.231	1969.231	-701.79	1969.231	1.0	0.737
1965.004	0.179	1965.004	1965.004	-775.676	1965.004	1.0	0.717
1963.302	0.185	1963.302	1963.302	-696.109	1963.302	1.0	0.738
1961.726	0.177	1961.726	1961.726	-813.784	1961.726	1.0	0.707
1969.358	0.169	1969.358	1969.358	-945.472	1969.358	1.0	0.676
1974.734	0.223	1974.734	1974.734	-243.497	1974.734	1.0	0.89
1963.584	0.126	1963.584	1963.584	-637.777	1963.584	1.0	0.755
1965.542	0.112	1965.542	1965.542	-962.304	1965.542	1.0	0.671
1961.262	0.121	1961.262	1961.262	-744.588	1961.262	1.0	0.725
1600.583	0.514	1600.583	1600.583	44.12	1600.583	1.0	1.028
1962.249	0.097	1962.249	1962.249	-917.751	1962.249	1.0	0.681
1962.515	0.089	1962.515	1962.515	-1184.514	1962.515	1.0	0.624
1963.368	0.089	1963.368	1963.368	-1173.457	1963.368	1.0	0.626
1961.028	0.091	1961.028	1961.028	-1116.342	1961.028	1.0	0.637
1963.382	0.073	1963.382	1963.382	-1392.627	1963.382	1.0	0.585
1973.448	0.073	1973.448	1973.448	-1405.781	1973.448	1.0	0.584
1776.327	0.513	1776.327	1776.327	45.715	1776.327	1.0	1.026
1848.475	0.513	1848.475	1848.475	48.203	1848.475	1.0	1.027
1796.604	0.512	1796.604	1796.604	42.772	1796.604	1.0	1.024
1967.643	0.162	1967.643	1967.643	-459.568	1967.643	1.0	0.811
1941.709	0.342	1941.709	1941.709	48.557	1941.709	1.0	1.026
1977.412	0.288	1977.412	1977.412	-310.479	1977.412	1.0	0.864
1973.669	0.091	1973.669	1973.669	-1649.37	1973.669	1.0	0.545
1969.786	0.057	1969.786	1969.786	-1885.452	1969.786	1.0	0.511
							
1759.754	0.515	1759.754	1759.754	52.362	1759.754	1.0	1.031
1978.94	0.169	1978.94	1978.94	-367.001	1978.94	1.0	0.844
1967.376	0.147	1967.376	1967.376	-715.254	1967.376	1.0	0.733
1609.7	0.517	1609.7	1609.7	53.237	1609.7	1.0	1.034
							
1971.131	0.215	1971.131	1971.131	-316.76	1971.131	1.0	0.862
1691.027	0.513	1691.027	1691.027	41.685	1691.027	1.0	1.025
1800.019	0.513	1800.019	1800.019	46.187	1800.019	1.0	1.026
							
							
1968.287	0.165	1968.287	1968.287	-412.484	1968.287	1.0	0.827
2008.196	0.062	2008.196	2008.196	-2624.911	2008.196	1.0	0.433
1970.785	0.188	1970.785	1970.785	-653.795	1970.785	1.0	0.751
1961.021	0.153	1961.021	1961.021	-605.51	1961.021	1.0	0.764
1964.097	0.089	1964.097	1964.097	-1194.543	1964.097	1.0	0.622
1979.052	0.087	1979.052	1979.052	-1794.916	1979.052	1.0	0.524
1917.01	0.516	1917.01	1917.01	58.688	1917.01	1.0	1.032
1852.802	0.515	1852.802	1852.802	52.53	1852.802	1.0	1.029
1979.111	0.169	1979.111	1979.111	-366.83	1979.111	1.0	0.844
1819.666	0.515	1819.666	1819.666	54.224	1819.666	1.0	1.031
2007.003	0.132	2007.003	2007.003	-1035.537	2007.003	1.0	0.66
1972.564	0.165	1972.564	1972.564	-1011.926	1972.564	1.0	0.661
1969.85	0.329	1969.85	1969.85	-27.792	1969.85	1.0	0.986
1971.262	0.11	1971.262	1971.262	-1024.838	1971.262	1.0	0.658
1971.983	0.306	1971.983	1971.983	-176.588	1971.983	1.0	0.918
1979.669	0.336	1979.669	1979.669	16.857	1979.669	1.0	1.009
1973.714	0.216	1973.714	1973.714	-314.177	1973.714	1.0	0.863
1978.858	0.326	1978.858	1978.858	-42.004	1978.858	1.0	0.979
1972.636	0.214	1972.636	1972.636	-328.271	1972.636	1.0	0.857
1966.982	0.201	1966.982	1966.982	-483.449	1966.982	1.0	0.803
1969.832	0.316	1969.832	1969.832	-109.08	1969.832	1.0	0.948
1998.292	0.31	1998.292	1998.292	-150.28	1998.292	1.0	0.93
1974.396	0.322	1974.396	1974.396	-69.686	1974.396	1.0	0.966
1976.455	0.211	1976.455	1976.455	-369.486	1976.455	1.0	0.842
1971.58	0.303	1971.58	1971.58	-200.211	1971.58	1.0	0.908
1901.313	0.343	1901.313	1901.313	54.601	1901.313	1.0	1.03
1922.327	0.343	1922.327	1922.327	52.395	1922.327	1.0	1.028
1973.337	0.322	1973.337	1973.337	-70.745	1973.337	1.0	0.965
1976.588	0.217	1976.588	1976.588	-299.693	1976.588	1.0	0.868
1971.511	0.189	1971.511	1971.511	-642.865	1971.511	1.0	0.754
							
							
1974.484	0.055	1974.484	1974.484	-1998.259	1974.484	1.0	0.497
1966.601	0.147	1966.601	1966.601	-716.03	1966.601	1.0	0.733
1968.94	0.27	1968.94	1968.94	-458.271	1968.94	1.0	0.811
1968.274	0.33	1968.274	1968.274	-19.164	1968.274	1.0	0.99
1966.53	0.313	1966.53	1966.53	-125.397	1966.53	1.0	0.94
1475.701	0.516	1475.701	1475.701	46.948	1475.701	1.0	1.033
1834.54	0.342	1834.54	1834.54	45.878	1834.54	1.0	1.026
1718.558	0.513	1718.558	1718.558	44.59	1718.558	1.0	1.027
1823.874	0.342	1823.874	1823.874	45.416	1823.874	1.0	1.026
1969.889	0.191	1969.889	1969.889	-608.252	1969.889	1.0	0.764
1967.565	0.044	1967.565	1967.565	-2109.669	1967.565	1.0	0.483
							
1966.767	0.448	1966.767	1966.767	-229.65	1966.767	1.0	0.895
1970.038	0.307	1970.038	1970.038	-166.924	1970.038	1.0	0.922
1969.328	0.078	1969.328	1969.328	-1642.1	1969.328	1.0	0.545
1968.265	0.083	1968.265	1968.265	-1991.463	1968.265	1.0	0.497
1970.235	0.149	1970.235	1970.235	-665.956	1970.235	1.0	0.747
							
1967.361	0.135	1967.361	1967.361	-947.469	1967.361	1.0	0.675
1965.556	0.209	1965.556	1965.556	-380.385	1965.556	1.0	0.838
1967.545	0.199	1967.545	1967.545	-506.106	1967.545	1.0	0.795
1475.908	1.033	1475.908	1475.908	47.155	1475.908	1.0	1.033
1678.39	0.516	1678.39	1678.39	52.267	1678.39	1.0	1.032
1621.102	0.516	1621.102	1621.102	51.623	1621.102	1.0	1.033
1970.581	0.079	1970.581	1970.581	-1571.188	1970.581	1.0	0.556
1977.777	0.204	1977.777	1977.777	-449.434	1977.777	1.0	0.815
1966.966	0.193	1966.966	1966.966	-576.345	1966.966	1.0	0.773
1967.42	0.248	1967.42	1967.42	-680.381	1967.42	1.0	0.743
1970.944	0.224	1970.944	1970.944	-956.902	1970.944	1.0	0.673
1973.247	0.491	1973.247	1973.247	-36.005	1973.247	1.0	0.982
1794.236	0.515	1794.236	1794.236	52.014	1794.236	1.0	1.03
1976.86	0.154	1976.86	1976.86	-589.671	1976.86	1.0	0.77
1969.248	0.137	1969.248	1969.248	-899.142	1969.248	1.0	0.687
1962.6	0.231	1962.6	1962.6	-870.96	1962.6	1.0	0.693
1976.632	0.187	1976.632	1976.632	-671.168	1976.632	1.0	0.747
1968.971	0.291	1968.971	1968.971	-284.09	1968.971	1.0	0.874
1968.716	0.053	1968.716	1968.716	-2652.781	1968.716	1.0	0.426
1969.935	0.041	1969.935	1969.935	-3382.99	1969.935	1.0	0.368
1972.737	0.177	1972.737	1972.737	-814.383	1972.737	1.0	0.708
1966.973	0.179	1966.973	1966.973	-773.707	1966.973	1.0	0.718
1970.503	0.238	1970.503	1970.503	-96.798	1970.503	1.0	0.953
1703.044	0.516	1703.044	1703.044	53.702	1703.044	1.0	1.033
1973.109	0.089	1973.109	1973.109	-1731.199	1973.109	1.0	0.533
1967.093	0.077	1967.093	1967.093	-1702.386	1967.093	1.0	0.536
1971.525	0.115	1971.525	1971.525	-885.255	1971.525	1.0	0.69
							
							
1818.93	0.515	1818.93	1818.93	53.488	1818.93	1.0	1.03
1863.979	0.514	1863.979	1863.979	52.097	1863.979	1.0	1.029
1975.733	0.161	1975.733	1975.733	-68.349	1975.733	1.0	0.967
1973.561	0.141	1973.561	1973.561	-825.169	1973.561	1.0	0.705
775.964	1.027	775.964	775.964	20.59	775.964	1.0	1.027
							
1975.466	0.049	1975.466	1975.466	-2506.711	1975.466	1.0	0.441
							
1974.979	0.089	1974.979	1974.979	-1183.66	1974.979	1.0	0.625
1970.521	0.082	1970.521	1970.521	-1479.774	1970.521	1.0	0.571
1953.261	0.342	1953.261	1953.261	48.499	1953.261	1.0	1.025
1843.287	0.344	1843.287	1843.287	54.625	1843.287	1.0	1.031
1971.937	0.221	1971.937	1971.937	-257.904	1971.937	1.0	0.884
1973.112	0.108	1973.112	1973.112	-1081.038	1973.112	1.0	0.646
1966.461	0.168	1966.461	1966.461	-367.87	1966.461	1.0	0.842
1871.745	0.257	1871.745	1871.745	48.253	1871.745	1.0	1.026
							
1626.821	0.343	1626.821	1626.821	47.139	1626.821	1.0	1.03
							
1995.182	0.239	1995.182	1995.182	-791.938	1995.182	1.0	0.716
1976.648	0.235	1976.648	1976.648	-822.082	1976.648	1.0	0.706
1427.263	1.033	1427.263	1427.263	44.95	1427.263	1.0	1.033
1630.305	0.516	1630.305	1630.305	50.622	1630.305	1.0	1.032
1965.577	0.1	1965.577	1965.577	-844.763	1965.577	1.0	0.699
1971.219	0.06	1971.219	1971.219	-2106.015	1971.219	1.0	0.483
1962.916	0.331	1962.916	1962.916	-11.506	1962.916	1.0	0.994
1965.499	0.277	1965.499	1965.499	-403.662	1965.499	1.0	0.83
1969.123	0.23	1969.123	1969.123	-167.838	1969.123	1.0	0.921
1662.806	0.515	1662.806	1662.806	48.294	1662.806	1.0	1.03
1970.383	0.285	1970.383	1970.383	-330.524	1970.383	1.0	0.856
1970.901	0.062	1970.901	1970.901	-1977.217	1970.901	1.0	0.499
1936.068	0.511	1936.068	1936.068	42.916	1936.068	1.0	1.023
1965.532	0.148	1965.532	1965.532	-693.878	1965.532	1.0	0.739
1964.087	0.139	1964.087	1964.087	-859.269	1964.087	1.0	0.696
1616.347	0.515	1616.347	1616.347	46.869	1616.347	1.0	1.03
1963.006	0.036	1963.006	1963.006	-3529.239	1963.006	1.0	0.357
1682.369	0.514	1682.369	1682.369	44.637	1682.369	1.0	1.027
1967.558	0.284	1967.558	1967.558	-343.553	1967.558	1.0	0.851
1966.855	0.265	1966.855	1966.855	-506.796	1966.855	1.0	0.795
1891.161	0.512	1891.161	1891.161	44.449	1891.161	1.0	1.024
1969.465	0.107	1969.465	1969.465	-1107.905	1969.465	1.0	0.64
1971.219	0.167	1971.219	1971.219	-386.332	1971.219	1.0	0.836
1965.714	0.249	1965.714	1965.714	-8.708	1965.714	1.0	0.996
1965.035	0.312	1965.035	1965.035	-137.097	1965.035	1.0	0.935
1962.765	0.337	1962.765	1962.765	23.173	1962.765	1.0	1.012
1801.282	0.514	1801.282	1801.282	47.45	1801.282	1.0	1.027
1968.574	0.053	1968.574	1968.574	-2676.143	1968.574	1.0	0.424
1969.973	0.137	1969.973	1969.973	-1618.236	1969.973	1.0	0.549
1966.456	0.087	1966.456	1966.456	-1807.512	1966.456	1.0	0.521
1968.244	0.336	1968.244	1968.244	17.042	1968.244	1.0	1.009
1964.533	0.187	1964.533	1964.533	-660.047	1964.533	1.0	0.749
1964.32	0.087	1964.32	1964.32	-1786.428	1964.32	1.0	0.524
1520.489	0.515	1520.489	1520.489	45.296	1520.489	1.0	1.031
1604.428	0.515	1604.428	1604.428	47.965	1604.428	1.0	1.031
1963.216	0.173	1963.216	1963.216	-870.344	1963.216	1.0	0.693
1964.503	0.084	1964.503	1964.503	-1948.785	1964.503	1.0	0.502
1969.934	0.113	1969.934	1969.934	-1502.175	1969.934	1.0	0.567
1973.288	0.061	1973.288	1973.288	-2636.599	1973.288	1.0	0.428
1964.77	0.077	1964.77	1964.77	-2285.207	1964.77	1.0	0.462
1968.041	0.084	1968.041	1968.041	-1956.857	1968.041	1.0	0.501
1966.106	0.061	1966.106	1966.106	-2667.0	1966.106	1.0	0.424
1963.667	0.055	1963.667	1963.667	-3145.449	1963.667	1.0	0.384
1979.962	0.055	1979.962	1979.962	-2515.231	1979.962	1.0	0.44
1964.518	0.486	1964.518	1964.518	-56.344	1964.518	1.0	0.972
1963.856	0.143	1963.856	1963.856	-776.824	1963.856	1.0	0.717
1964.724	0.13	1964.724	1964.724	-1067.611	1964.724	1.0	0.648
1965.626	0.079	1965.626	1965.626	-2191.472	1965.626	1.0	0.473
1966.489	0.216	1966.489	1966.489	-1065.847	1966.489	1.0	0.649
1968.72	0.168	1968.72	1968.72	-969.33	1968.72	1.0	0.67
1968.816	0.117	1968.816	1968.816	-1398.803	1968.816	1.0	0.585
1967.497	0.04	1967.497	1967.497	-2921.029	1967.497	1.0	0.402
1963.039	0.122	1963.039	1963.039	-1253.65	1963.039	1.0	0.61
1961.707	0.255	1961.707	1961.707	-604.824	1961.707	1.0	0.764
							
							
1631.894	0.342	1631.894	1631.894	40.602	1631.894	1.0	1.026
1767.862	0.514	1767.862	1767.862	48.86	1767.862	1.0	1.028
							
							
1960.677	0.208	1960.677	1960.677	-396.874	1960.677	1.0	0.832
1966.995	0.188	1966.995	1966.995	-647.381	1966.995	1.0	0.752
1967.194	0.129	1967.194	1967.194	-1075.345	1967.194	1.0	0.647
1968.034	0.127	1968.034	1968.034	-621.716	1968.034	1.0	0.76
1963.569	0.335	1963.569	1963.569	12.367	1963.569	1.0	1.006
1963.671	0.184	1963.671	1963.671	-707.35	1963.671	1.0	0.735
1964.391	0.145	1964.391	1964.391	-754.475	1964.391	1.0	0.723
							
1830.1	0.341	1830.1	1830.1	41.438	1830.1	1.0	1.023
1960.0	0.32	1960.0	1960.0	-84.082	1960.0	1.0	0.959
1938.888	0.512	1938.888	1938.888	45.736	1938.888	1.0	1.024
1962.464	0.161	1962.464	1962.464	-1080.076	1962.464	1.0	0.645
1964.103	0.241	1964.103	1964.103	-754.763	1964.103	1.0	0.722
1964.068	0.26	1964.068	1964.068	-556.023	1964.068	1.0	0.779
1965.571	0.475	1965.571	1965.571	-101.73	1965.571	1.0	0.951
							
1966.477	0.087	1966.477	1966.477	-1250.213	1966.477	1.0	0.611
1961.517	0.234	1961.517	1961.517	-130.41	1961.517	1.0	0.938
1961.124	0.107	1961.124	1961.124	-1708.355	1961.124	1.0	0.534
1962.081	0.12	1962.081	1962.081	-1312.658	1962.081	1.0	0.599
1961.825	0.12	1961.825	1961.825	-1301.304	1961.825	1.0	0.601
1961.216	0.161	1961.216	1961.216	-1092.934	1961.216	1.0	0.642
1962.654	0.052	1962.654	1962.654	-2264.104	1962.654	1.0	0.464
1968.657	0.234	1968.657	1968.657	-841.683	1968.657	1.0	0.701
1968.566	0.063	1968.566	1968.566	-1944.722	1968.566	1.0	0.503
1965.027	0.074	1965.027	1965.027	-1344.542	1965.027	1.0	0.594
1960.64	0.14	1960.64	1960.64	-1546.299	1960.64	1.0	0.559
1964.132	0.2	1964.132	1964.132	-486.299	1964.132	1.0	0.802
							
1410.299	1.029	1410.299	1410.299	39.596	1410.299	1.0	1.029
1889.581	0.512	1889.581	1889.581	42.869	1889.581	1.0	1.023
1961.596	0.467	1961.596	1961.596	-140.535	1961.596	1.0	0.933
1676.49	0.512	1676.49	1676.49	38.757	1676.49	1.0	1.024
1540.882	0.514	1540.882	1540.882	42.469	1540.882	1.0	1.028
1553.218	0.343	1553.218	1553.218	43.195	1553.218	1.0	1.029
							
1424.297	0.515	1424.297	1424.297	41.984	1424.297	1.0	1.03
1974.519	0.129	1974.519	1974.519	-1079.631	1974.519	1.0	0.647
1969.912	0.045	1969.912	1969.912	-2860.564	1969.912	1.0	0.408
1959.494	0.511	1959.494	1959.494	43.122	1959.494	1.0	1.023
							
1974.154	0.126	1974.154	1974.154	-1162.671	1974.154	1.0	0.629
1971.604	0.138	1971.604	1971.604	-885.176	1971.604	1.0	0.69
1962.442	0.151	1962.442	1962.442	-638.918	1962.442	1.0	0.754
							
1965.206	0.07	1965.206	1965.206	-1541.733	1965.206	1.0	0.56
1967.86	0.058	1967.86	1967.86	-1771.278	1967.86	1.0	0.526
1968.051	0.312	1968.051	1968.051	-134.08	1968.051	1.0	0.936
1655.662	0.513	1655.662	1655.662	41.15	1655.662	1.0	1.025
							
							
1779.478	0.514	1779.478	1779.478	48.866	1779.478	1.0	1.028
1964.209	0.167	1964.209	1964.209	-381.732	1964.209	1.0	0.837
1963.835	0.275	1963.835	1963.835	-416.936	1963.835	1.0	0.825
1963.992	0.328	1963.992	1963.992	-33.65	1963.992	1.0	0.983
1843.262	0.341	1843.262	1843.262	42.99	1843.262	1.0	1.024
1441.229	0.342	1441.229	1441.229	35.696	1441.229	1.0	1.025
							
1794.412	0.512	1794.412	1794.412	40.58	1794.412	1.0	1.023
1618.08	0.512	1618.08	1618.08	38.397	1618.08	1.0	1.024
1965.421	0.168	1965.421	1965.421	-380.52	1965.421	1.0	0.838
							
1971.219	0.084	1971.219	1971.219	-1361.57	1971.219	1.0	0.591
1969.933	0.085	1969.933	1969.933	-1351.246	1969.933	1.0	0.593
1965.532	0.076	1965.532	1965.532	-1750.387	1965.532	1.0	0.529
							
							
							
1961.936	0.309	1961.936	1961.936	-151.806	1961.936	1.0	0.928
1634.944	0.342	1634.944	1634.944	43.651	1634.944	1.0	1.027
1854.434	0.341	1854.434	1854.434	42.552	1854.434	1.0	1.023
1852.541	0.341	1852.541	1852.541	40.659	1852.541	1.0	1.022
1530.838	0.515	1530.838	1530.838	44.035	1530.838	1.0	1.03
1568.734	0.515	1568.734	1568.734	47.102	1568.734	1.0	1.031
							
							
							
							
							
1866.35	0.341	1866.35	1866.35	42.858	1866.35	1.0	1.024
1727.926	0.342	1727.926	1727.926	43.754	1727.926	1.0	1.026
1748.852	0.341	1748.852	1748.852	41.46	1748.852	1.0	1.024
1647.575	0.514	1647.575	1647.575	44.673	1647.575	1.0	1.028
1443.965	0.514	1443.965	1443.965	38.432	1443.965	1.0	1.027
1842.336	0.341	1842.336	1842.336	42.064	1842.336	1.0	1.023
1630.827	0.512	1630.827	1630.827	39.534	1630.827	1.0	1.025
1517.08	0.514	1517.08	1517.08	41.887	1517.08	1.0	1.028
1477.53	0.513	1477.53	1477.53	37.167	1477.53	1.0	1.026
1577.578	0.514	1577.578	1577.578	44.335	1577.578	1.0	1.029
							
1455.46	0.342	1455.46	1455.46	38.317	1455.46	1.0	1.027
1442.819	0.513	1442.819	1442.819	37.286	1442.819	1.0	1.027
							
							
1409.397	0.514	1409.397	1409.397	38.694	1409.397	1.0	1.028
							
1679.917	0.517	1679.917	1679.917	53.795	1679.917	1.0	1.033
							
							
1577.235	1.029	1577.235	1577.235	43.993	1577.235	1.0	1.029
1960.469	0.482	1960.469	1960.469	-72.003	1960.469	1.0	0.965
							
							
							
							
							
1680.638	0.513	1680.638	1680.638	42.906	1680.638	1.0	1.026
1528.897	1.028	1528.897	1528.897	42.094	1528.897	1.0	1.028
							
1650.252	0.522	1650.252	1650.252	70.569	1650.252	1.0	1.045
1648.84	0.343	1648.84	1648.84	45.937	1648.84	1.0	1.029
1433.811	0.514	1433.811	1433.811	39.888	1433.811	1.0	1.029
1543.31	0.515	1543.31	1543.31	44.897	1543.31	1.0	1.03
1575.702	0.514	1575.702	1575.702	42.46	1575.702	1.0	1.028
1552.653	0.514	1552.653	1552.653	42.63	1552.653	1.0	1.028
1650.831	0.515	1650.831	1650.831	47.928	1650.831	1.0	1.03
							
							
							
1486.304	0.516	1486.304	1486.304	45.941	1486.304	1.0	1.032
							
1969.061	0.317	1969.061	1969.061	-98.241	1969.061	1.0	0.952
							
1969.35	0.479	1969.35	1969.35	-86.342	1969.35	1.0	0.958
							
1683.435	0.343	1683.435	1683.435	45.702	1683.435	1.0	1.028
1965.395	0.232	1965.395	1965.395	-148.346	1965.395	1.0	0.93
1786.363	0.342	1786.363	1786.363	44.141	1786.363	1.0	1.025
1542.23	0.515	1542.23	1542.23	43.817	1542.23	1.0	1.029
1698.062	0.257	1698.062	1698.062	48.719	1698.062	1.0	1.03
1970.767	0.184	1970.767	1970.767	-700.253	1970.767	1.0	0.738
1966.247	0.083	1966.247	1966.247	-983.413	1966.247	1.0	0.667
1971.079	0.082	1971.079	1971.079	-1025.021	1971.079	1.0	0.658
2006.973	0.514	2006.973	2006.973	55.771	2006.973	1.0	1.029
1965.982	0.163	1965.982	1965.982	-1041.728	1965.982	1.0	0.654
1644.748	0.517	1644.748	1644.748	53.455	1644.748	1.0	1.034
1695.493	0.514	1695.493	1695.493	46.15	1695.493	1.0	1.028
1976.592	0.119	1976.592	1976.592	-1356.197	1976.592	1.0	0.593
1844.645	0.516	1844.645	1844.645	55.983	1844.645	1.0	1.031
							
1723.07	0.343	1723.07	1723.07	49.102	1723.07	1.0	1.029
1965.827	0.498	1965.827	1965.827	-8.595	1965.827	1.0	0.996
1691.408	0.513	1691.408	1691.408	42.065	1691.408	1.0	1.026
1967.661	0.463	1967.661	1967.661	-157.69	1967.661	1.0	0.926
1967.618	0.451	1967.618	1967.618	-215.783	1967.618	1.0	0.901
1841.759	0.515	1841.759	1841.759	53.097	1841.759	1.0	1.03
2013.805	0.238	2013.805	2013.805	-809.551	2013.805	1.0	0.713
							
1974.672	0.209	1974.672	1974.672	-382.879	1974.672	1.0	0.838
1970.708	0.213	1970.708	1970.708	-340.403	1970.708	1.0	0.853
1670.355	0.517	1670.355	1670.355	55.842	1670.355	1.0	1.035
1971.866	0.323	1971.866	1971.866	-60.605	1971.866	1.0	0.97
1882.917	0.513	1882.917	1882.917	47.815	1882.917	1.0	1.026
1547.114	0.516	1547.114	1547.114	48.701	1547.114	1.0	1.033
1972.981	0.161	1972.981	1972.981	-477.45	1972.981	1.0	0.805
2040.771	0.2	2040.771	2040.771	-3.31	2040.771	1.0	0.998
							
1894.657	0.342	1894.657	1894.657	47.945	1894.657	1.0	1.026
1962.073	0.207	1962.073	1962.073	-407.088	1962.073	1.0	0.828
1837.999	0.343	1837.999	1837.999	49.337	1837.999	1.0	1.028
1974.165	0.214	1974.165	1974.165	-336.946	1974.165	1.0	0.854
1969.297	0.343	1969.297	1969.297	52.925	1969.297	1.0	1.028
1978.877	0.273	1978.877	1978.877	-436.724	1978.877	1.0	0.819
1976.691	0.269	1976.691	1976.691	-473.74	1976.691	1.0	0.807
2031.668	0.101	2031.668	2031.668	-1335.951	2031.668	1.0	0.603
1972.047	0.213	1972.047	1972.047	-339.064	1972.047	1.0	0.853
1917.291	0.342	1917.291	1917.291	47.359	1917.291	1.0	1.025
1664.343	0.344	1664.343	1664.343	49.83	1664.343	1.0	1.031
1977.476	0.158	1977.476	1977.476	-519.395	1977.476	1.0	0.792
1972.987	0.181	1972.987	1972.987	-210.414	1972.987	1.0	0.904
1470.742	0.515	1470.742	1470.742	41.989	1470.742	1.0	1.029
1998.0	0.331	1998.0	1998.0	-11.252	1998.0	1.0	0.994
1680.961	0.513	1680.961	1680.961	43.229	1680.961	1.0	1.026
1971.423	0.499	1971.423	1971.423	-2.999	1971.423	1.0	0.998
1848.294	0.513	1848.294	1848.294	48.022	1848.294	1.0	1.027
1606.225	0.516	1606.225	1606.225	49.763	1606.225	1.0	1.032
1870.365	0.342	1870.365	1870.365	46.873	1870.365	1.0	1.026
1514.291	0.517	1514.291	1514.291	49.302	1514.291	1.0	1.034
1978.649	0.4	1978.649	1978.649	-495.002	1978.649	1.0	0.8
							
1972.865	0.303	1972.865	1972.865	-198.926	1972.865	1.0	0.908
1868.824	0.342	1868.824	1868.824	45.332	1868.824	1.0	1.025
1897.233	0.342	1897.233	1897.233	50.521	1897.233	1.0	1.027
1868.721	0.512	1868.721	1868.721	45.229	1868.721	1.0	1.025
1648.074	0.518	1648.074	1648.074	56.781	1648.074	1.0	1.036
1969.795	0.321	1969.795	1969.795	-74.286	1969.795	1.0	0.964
1970.765	0.196	1970.765	1970.765	-539.122	1970.765	1.0	0.785
1967.686	0.203	1967.686	1967.686	-459.525	1967.686	1.0	0.811
1983.215	0.459	1983.215	1983.215	-176.967	1983.215	1.0	0.918
1972.262	0.422	1972.262	1972.262	-362.069	1972.262	1.0	0.845
							
1594.709	0.516	1594.709	1594.709	49.856	1594.709	1.0	1.032
1813.817	0.514	1813.817	1813.817	48.375	1813.817	1.0	1.027
1943.145	0.513	1943.145	1943.145	49.993	1943.145	1.0	1.026
							
							
							
							
							
							
							
							
							
							
							
							
							
							
							
							
							
							
							
							
1601.641	1.029	1601.641	1601.641	45.178	1601.641	1.0	1.029
1623.259	1.028	1623.259	1623.259	43.577	1623.259	1.0	1.028
1446.662	1.029	1446.662	1446.662	41.129	1446.662	1.0	1.029
1498.536	1.032	1498.536	1498.536	46.563	1498.536	1.0	1.032
1549.6	1.034	1549.6	1549.6	51.187	1549.6	1.0	1.034
1568.895	1.031	1568.895	1568.895	47.262	1568.895	1.0	1.031
1534.82	1.032	1534.82	1534.82	48.017	1534.82	1.0	1.032
1482.044	1.046	1482.044	1482.044	64.901	1482.044	1.0	1.046
1422.332	1.029	1422.332	1422.332	40.019	1422.332	1.0	1.029
							
1454.098	1.035	1454.098	1454.098	48.565	1454.098	1.0	1.035
1789.242	0.513	1789.242	1789.242	47.02	1789.242	1.0	1.027
1968.671	0.232	1968.671	1968.671	-156.68	1968.671	1.0	0.926
1971.118	0.327	1971.118	1971.118	-38.134	1971.118	1.0	0.981
1963.939	0.3	1963.939	1963.939	-219.462	1963.939	1.0	0.899
1969.669	0.173	1969.669	1969.669	-875.501	1969.669	1.0	0.692
1969.746	0.124	1969.746	1969.746	-1212.114	1969.746	1.0	0.619
1968.495	0.128	1968.495	1968.495	-1108.875	1968.495	1.0	0.64
1968.687	0.174	1968.687	1968.687	-854.669	1968.687	1.0	0.697
1970.38	0.18	1970.38	1970.38	-770.3	1970.38	1.0	0.719
1971.351	0.19	1971.351	1971.351	-618.399	1971.351	1.0	0.761
1968.499	0.176	1968.499	1968.499	-830.231	1968.499	1.0	0.703
1967.626	0.173	1967.626	1967.626	-877.544	1967.626	1.0	0.692
1967.274	0.23	1967.274	1967.274	-169.688	1967.274	1.0	0.921
1974.294	0.119	1974.294	1974.294	-801.216	1974.294	1.0	0.711
1970.089	0.114	1970.089	1970.089	-909.911	1970.089	1.0	0.684
1966.956	0.118	1966.956	1966.956	-820.164	1966.956	1.0	0.706
1964.973	0.099	1964.973	1964.973	-858.383	1964.973	1.0	0.696
1970.301	0.091	1970.301	1970.301	-1118.679	1970.301	1.0	0.638
1966.35	0.09	1966.35	1966.35	-1145.849	1966.35	1.0	0.632
1971.274	0.091	1971.274	1971.274	-1117.706	1971.274	1.0	0.638
1997.945	0.077	1997.945	1997.945	-1230.354	1997.945	1.0	0.619
1971.701	0.071	1971.701	1971.701	-1523.628	1971.701	1.0	0.564
1637.074	0.514	1637.074	1637.074	45.782	1637.074	1.0	1.029
1811.127	0.513	1811.127	1811.127	45.684	1811.127	1.0	1.026
1837.649	0.514	1837.649	1837.649	48.987	1837.649	1.0	1.027
1972.533	0.158	1972.533	1972.533	-524.338	1972.533	1.0	0.79
1910.782	0.343	1910.782	1910.782	52.46	1910.782	1.0	1.028
1970.657	0.284	1970.657	1970.657	-340.454	1970.657	1.0	0.853
1967.765	0.098	1967.765	1967.765	-1365.024	1967.765	1.0	0.59
1971.663	0.057	1971.663	1971.663	-1896.591	1971.663	1.0	0.51
							
1728.848	0.513	1728.848	1728.848	44.676	1728.848	1.0	1.027
1959.881	0.158	1959.881	1959.881	-525.38	1959.881	1.0	0.789
1966.169	0.147	1966.169	1966.169	-704.851	1966.169	1.0	0.736
1649.397	0.515	1649.397	1649.397	46.494	1649.397	1.0	1.029
							
1968.098	0.22	1968.098	1968.098	-273.353	1968.098	1.0	0.878
1713.348	0.516	1713.348	1713.348	52.396	1713.348	1.0	1.032
1805.234	0.522	1805.234	1805.234	74.622	1805.234	1.0	1.043
							
							
1963.661	0.162	1963.661	1963.661	-463.55	1963.661	1.0	0.809
1969.548	0.064	1969.548	1969.548	-2396.529	1969.548	1.0	0.451
1963.182	0.181	1963.182	1963.182	-742.668	1963.182	1.0	0.726
1964.211	0.162	1964.211	1964.211	-463.0	1964.211	1.0	0.809
1965.203	0.086	1965.203	1965.203	-1286.316	1965.203	1.0	0.604
1965.778	0.09	1965.778	1965.778	-1668.871	1965.778	1.0	0.541
1937.73	0.515	1937.73	1937.73	54.782	1937.73	1.0	1.029
1970.083	0.166	1970.083	1970.083	-991.187	1970.083	1.0	0.665
1978.647	0.136	1978.647	1978.647	-936.183	1978.647	1.0	0.679
1968.725	0.142	1968.725	1968.725	-806.785	1968.725	1.0	0.709
1814.627	0.514	1814.627	1814.627	49.185	1814.627	1.0	1.028
1972.463	0.16	1972.463	1972.463	-489.578	1972.463	1.0	0.801
1781.386	0.515	1781.386	1781.386	50.774	1781.386	1.0	1.029
1976.707	0.129	1976.707	1976.707	-1089.052	1976.707	1.0	0.645
1970.542	0.166	1970.542	1970.542	-1002.338	1970.542	1.0	0.663
1972.23	0.337	1972.23	1972.23	21.028	1972.23	1.0	1.011
1970.769	0.114	1970.769	1970.769	-909.231	1970.769	1.0	0.684
1971.603	0.308	1971.603	1971.603	-165.359	1971.603	1.0	0.923
1966.639	0.313	1966.639	1966.639	-125.288	1966.639	1.0	0.94
1968.707	0.221	1968.707	1968.707	-261.134	1968.707	1.0	0.883
1968.561	0.327	1968.561	1968.561	-40.691	1968.561	1.0	0.98
1973.487	0.21	1973.487	1973.487	-372.454	1973.487	1.0	0.841
1968.092	0.193	1968.092	1968.092	-575.218	1968.092	1.0	0.774
1969.882	0.319	1969.882	1969.882	-85.809	1969.882	1.0	0.958
1966.561	0.296	1966.561	1966.561	-251.67	1966.561	1.0	0.887
1974.171	0.324	1974.171	1974.171	-58.301	1974.171	1.0	0.971
1984.74	0.213	1984.74	1984.74	-349.591	1984.74	1.0	0.85
1968.218	0.302	1968.218	1968.218	-203.574	1968.218	1.0	0.906
1967.884	0.319	1967.884	1967.884	-87.808	1967.884	1.0	0.957
1926.705	0.341	1926.705	1926.705	43.757	1926.705	1.0	1.023
1965.547	0.189	1965.547	1965.547	-635.814	1965.547	1.0	0.756
1603.971	0.515	1603.971	1603.971	47.508	1603.971	1.0	1.031
1968.173	0.316	1968.173	1968.173	-110.738	1968.173	1.0	0.947
1969.143	0.2	1969.143	1969.143	-492.898	1969.143	1.0	0.8
1967.206	0.196	1967.206	1967.206	-542.681	1967.206	1.0	0.784
							
							
1965.517	0.055	1965.517	1965.517	-1994.211	1965.517	1.0	0.496
2001.845	0.145	2001.845	2001.845	-750.445	2001.845	1.0	0.727
1971.124	0.261	1971.124	1971.124	-548.967	1971.124	1.0	0.782
1964.836	0.317	1964.836	1964.836	-102.466	1964.836	1.0	0.95
1963.268	0.317	1963.268	1963.268	-104.034	1963.268	1.0	0.95
1522.41	0.516	1522.41	1522.41	47.217	1522.41	1.0	1.032
1868.568	0.342	1868.568	1868.568	45.076	1868.568	1.0	1.025
1726.014	0.512	1726.014	1726.014	41.841	1726.014	1.0	1.025
1831.891	0.341	1831.891	1831.891	43.229	1831.891	1.0	1.024
1965.345	0.177	1965.345	1965.345	-810.165	1965.345	1.0	0.708
1968.886	0.043	1968.886	1968.886	-2199.822	1968.886	1.0	0.472
							
1966.669	0.46	1966.669	1966.669	-170.293	1966.669	1.0	0.92
1963.29	0.292	1963.29	1963.29	-278.161	1963.29	1.0	0.876
1966.749	0.077	1966.749	1966.749	-1702.729	1966.749	1.0	0.536
1968.122	0.083	1968.122	1968.122	-1968.386	1968.122	1.0	0.5
1971.46	0.15	1971.46	1971.46	-664.73	1971.46	1.0	0.748
							
1966.547	0.208	1966.547	1966.547	-402.614	1966.547	1.0	0.83
1966.432	0.204	1966.432	1966.432	-449.169	1966.432	1.0	0.814
1511.172	1.032	1511.172	1511.172	46.183	1511.172	1.0	1.032
1621.504	0.513	1621.504	1621.504	41.821	1621.504	1.0	1.026
1695.55	0.514	1695.55	1695.55	46.207	1695.55	1.0	1.028
1965.366	0.081	1965.366	1965.366	-1484.929	1965.366	1.0	0.57
1972.11	0.202	1972.11	1972.11	-466.711	1972.11	1.0	0.809
1967.762	0.206	1967.762	1967.762	-424.619	1967.762	1.0	0.823
1969.386	0.255	1969.386	1969.386	-608.755	1969.386	1.0	0.764
1966.453	0.226	1966.453	1966.453	-936.767	1966.453	1.0	0.677
1971.196	0.496	1971.196	1971.196	-16.242	1971.196	1.0	0.992
1748.901	0.516	1748.901	1748.901	53.118	1748.901	1.0	1.031
1974.977	0.162	1974.977	1974.977	-463.844	1974.977	1.0	0.81
1968.967	0.131	1968.967	1968.967	-1038.743	1968.967	1.0	0.655
1967.808	0.238	1967.808	1967.808	-784.482	1967.808	1.0	0.715
1965.345	0.177	1965.345	1965.345	-810.165	1965.345	1.0	0.708
1963.417	0.286	1963.417	1963.417	-324.474	1963.417	1.0	0.858
1965.379	0.052	1965.379	1965.379	-2725.778	1965.379	1.0	0.419
1968.544	0.042	1968.544	1968.544	-3187.012	1968.544	1.0	0.382
1965.39	0.167	1965.39	1965.39	-984.27	1965.39	1.0	0.666
1968.066	0.187	1968.066	1968.066	-668.124	1968.066	1.0	0.747
1964.57	0.23	1964.57	1964.57	-172.391	1964.57	1.0	0.919
1721.491	0.514	1721.491	1721.491	47.523	1721.491	1.0	1.028
1967.023	0.086	1967.023	1967.023	-1853.385	1967.023	1.0	0.515
1961.496	0.075	1961.496	1961.496	-1754.423	1961.496	1.0	0.528
1961.797	0.116	1961.797	1961.797	-848.543	1961.797	1.0	0.698
							
							
1797.9	0.513	1797.9	1797.9	44.068	1797.9	1.0	1.025
1832.401	0.512	1832.401	1832.401	43.739	1832.401	1.0	1.024
1964.636	0.143	1964.636	1964.636	-323.255	1964.636	1.0	0.859
1959.948	0.128	1959.948	1959.948	-1105.812	1959.948	1.0	0.639
1972.965	0.051	1972.965	1972.965	-2346.672	1972.965	1.0	0.457
							
1966.421	0.082	1966.421	1966.421	-1459.248	1966.421	1.0	0.574
1970.917	0.079	1970.917	1970.917	-1570.852	1970.917	1.0	0.556
1870.012	0.256	1870.012	1870.012	46.52	1870.012	1.0	1.026
							
							
							
1703.58	0.513	1703.58	1703.58	42.628	1703.58	1.0	1.026
1962.827	0.096	1962.827	1962.827	-965.019	1962.827	1.0	0.67
1964.125	0.06	1964.125	1964.125	-2158.143	1964.125	1.0	0.476
1915.034	0.341	1915.034	1915.034	45.102	1915.034	1.0	1.024
1964.603	0.27	1964.603	1964.603	-462.608	1964.603	1.0	0.809
1960.703	0.24	1960.703	1960.703	-83.379	1960.703	1.0	0.959
1696.934	0.522	1696.934	1696.934	70.812	1696.934	1.0	1.044
1965.788	0.278	1965.788	1965.788	-391.763	1965.788	1.0	0.834
1971.354	0.061	1971.354	1971.354	-2046.424	1971.354	1.0	0.491
1873.798	0.514	1873.798	1873.798	50.306	1873.798	1.0	1.028
1963.718	0.151	1963.718	1963.718	-637.643	1963.718	1.0	0.755
1966.193	0.137	1966.193	1966.193	-913.807	1966.193	1.0	0.683
1964.458	0.108	1964.458	1964.458	-1078.082	1964.458	1.0	0.646
1622.199	0.513	1622.199	1622.199	42.517	1622.199	1.0	1.027
1965.862	0.036	1965.862	1965.862	-3549.603	1965.862	1.0	0.356
1479.961	0.514	1479.961	1479.961	39.598	1479.961	1.0	1.027
1965.479	0.285	1965.479	1965.479	-335.428	1965.479	1.0	0.854
1964.164	0.267	1964.164	1964.164	-486.267	1964.164	1.0	0.802
1834.625	0.513	1834.625	1834.625	45.963	1834.625	1.0	1.026
1965.123	0.104	1965.123	1965.123	-1193.516	1965.123	1.0	0.622
1974.442	0.163	1974.442	1974.442	-452.769	1974.442	1.0	0.813
1974.22	0.216	1974.22	1974.22	-313.671	1974.22	1.0	0.863
1969.872	0.238	1969.872	1969.872	-97.43	1969.872	1.0	0.953
1967.657	0.325	1967.657	1967.657	-53.205	1967.657	1.0	0.974
1968.205	0.33	1968.205	1968.205	-19.233	1968.205	1.0	0.99
1782.14	0.515	1782.14	1782.14	51.527	1782.14	1.0	1.03
1970.153	0.056	1970.153	1970.153	-2442.364	1970.153	1.0	0.446
1966.566	0.139	1966.566	1966.566	-1575.202	1966.566	1.0	0.555
1969.056	0.089	1969.056	1969.056	-1712.032	1969.056	1.0	0.535
1969.199	0.327	1969.199	1969.199	-40.053	1969.199	1.0	0.98
1969.965	0.181	1969.965	1969.965	-748.901	1969.965	1.0	0.725
1971.084	0.095	1971.084	1971.084	-1489.415	1971.084	1.0	0.57
1514.536	0.517	1514.536	1514.536	49.547	1514.536	1.0	1.034
1655.712	0.516	1655.712	1655.712	52.81	1655.712	1.0	1.033
1970.593	0.173	1970.593	1970.593	-874.577	1970.593	1.0	0.693
1970.953	0.082	1970.953	1970.953	-2035.215	1970.953	1.0	0.492
1965.093	0.109	1965.093	1965.093	-1634.726	1965.093	1.0	0.546
1989.194	0.062	1989.194	1989.194	-2574.253	1989.194	1.0	0.436
1963.945	0.076	1963.945	1963.945	-2355.692	1963.945	1.0	0.455
1968.393	0.086	1968.393	1968.393	-1852.015	1968.393	1.0	0.515
1967.113	0.062	1967.113	1967.113	-2549.894	1967.113	1.0	0.435
1969.432	0.056	1969.432	1969.432	-3035.194	1969.432	1.0	0.394
1963.93	0.054	1963.93	1963.93	-2576.297	1963.93	1.0	0.433
1968.272	0.498	1968.272	1968.272	-6.15	1968.272	1.0	0.997
1964.385	0.135	1964.385	1964.385	-938.835	1964.385	1.0	0.677
1966.082	0.127	1966.082	1966.082	-1122.898	1966.082	1.0	0.636
1977.142	0.077	1977.142	1977.142	-2284.445	1977.142	1.0	0.464
1967.335	0.238	1967.335	1967.335	-784.955	1967.335	1.0	0.715
1966.292	0.163	1966.292	1966.292	-1041.418	1966.292	1.0	0.654
1974.794	0.113	1974.794	1974.794	-1520.535	1974.794	1.0	0.565
1970.678	0.039	1970.678	1970.678	-3103.608	1970.678	1.0	0.388
1963.498	0.115	1963.498	1963.498	-1438.951	1963.498	1.0	0.577
1965.324	0.229	1965.324	1965.324	-183.247	1965.324	1.0	0.915
1969.082	0.184	1969.082	1969.082	-701.938	1969.082	1.0	0.737
1968.489	0.126	1968.489	1968.489	-1155.32	1968.489	1.0	0.63
1993.899	0.126	1993.899	1993.899	-642.291	1993.899	1.0	0.756
1965.418	0.332	1965.418	1965.418	-9.004	1965.418	1.0	0.995
1965.889	0.15	1965.889	1965.889	-658.691	1965.889	1.0	0.749
							
1832.576	0.342	1832.576	1832.576	43.914	1832.576	1.0	1.025
1964.376	0.317	1964.376	1964.376	-102.926	1964.376	1.0	0.95
1969.813	0.49	1969.813	1969.813	-39.439	1969.813	1.0	0.98
1967.488	0.162	1967.488	1967.488	-1075.052	1967.488	1.0	0.647
1968.485	0.251	1968.485	1968.485	-645.892	1968.485	1.0	0.753
1967.389	0.252	1967.389	1967.389	-633.972	1967.389	1.0	0.756
1967.129	0.448	1967.129	1967.129	-229.288	1967.129	1.0	0.896
							
1992.518	0.092	1992.518	1992.518	-1084.852	1992.518	1.0	0.647
1966.409	0.25	1966.409	1966.409	3.597	1966.409	1.0	1.002
1964.209	0.109	1964.209	1964.209	-1624.0	1964.209	1.0	0.547
1962.1	0.124	1962.1	1962.1	-1208.149	1962.1	1.0	0.619
1962.387	0.121	1962.387	1962.387	-1278.928	1962.387	1.0	0.605
1970.712	0.168	1970.712	1970.712	-967.338	1970.712	1.0	0.671
1968.941	0.052	1968.941	1968.941	-2246.206	1968.941	1.0	0.467
1966.019	0.232	1966.019	1966.019	-857.337	1966.019	1.0	0.696
1965.283	0.061	1965.283	1965.283	-2040.885	1965.283	1.0	0.491
1965.995	0.078	1965.995	1965.995	-1204.254	1965.995	1.0	0.62
1970.715	0.141	1970.715	1970.715	-1524.614	1970.715	1.0	0.564
1972.692	0.126	1972.692	1972.692	-1164.133	1972.692	1.0	0.629
1979.431	0.143	1979.431	1979.431	-796.079	1979.431	1.0	0.713
1989.898	0.154	1989.898	1989.898	-599.853	1989.898	1.0	0.768
							
							
1968.794	0.248	1968.794	1968.794	-18.644	1968.794	1.0	0.991
1988.312	0.054	1988.312	1988.312	-2122.346	1988.312	1.0	0.484
							
1612.295	0.518	1612.295	1612.295	55.833	1612.295	1.0	1.036
1483.578	0.515	1483.578	1483.578	43.215	1483.578	1.0	1.03
							
1451.389	0.516	1451.389	1451.389	45.856	1451.389	1.0	1.033
1805.029	0.515	1805.029	1805.029	51.197	1805.029	1.0	1.029
1528.076	1.036	1528.076	1528.076	52.883	1528.076	1.0	1.036
							
1985.318	0.503	1985.318	1985.318	10.896	1985.318	1.0	1.006
1977.682	0.507	1977.682	1977.682	26.48	1977.682	1.0	1.014
1434.448	0.519	1434.448	1434.448	52.135	1434.448	1.0	1.038
							
							
1966.299	0.305	1966.299	1966.299	-182.272	1966.299	1.0	0.915
2021.001	0.328	2021.001	2021.001	-34.691	2021.001	1.0	0.983
1984.017	0.158	1984.017	1984.017	-1163.013	1984.017	1.0	0.63
1967.844	0.444	1967.844	1967.844	-250.388	1967.844	1.0	0.887
1977.566	0.484	1977.566	1977.566	-66.516	1977.566	1.0	0.967
1972.4	0.192	1972.4	1972.4	-594.131	1972.4	1.0	0.769
1978.06	0.176	1978.06	1978.06	-832.28	1978.06	1.0	0.704
1968.593	0.203	1968.593	1968.593	-458.618	1968.593	1.0	0.811
1968.915	0.132	1968.915	1968.915	-1003.965	1968.915	1.0	0.662
							
1646.771	0.517	1646.771	1646.771	55.479	1646.771	1.0	1.035
							
1797.694	0.523	1797.694	1797.694	78.692	1797.694	1.0	1.046
1972.361	0.488	1972.361	1972.361	-48.501	1972.361	1.0	0.976
1585.688	0.517	1585.688	1585.688	52.445	1585.688	1.0	1.034
1801.574	0.517	1801.574	1801.574	59.352	1801.574	1.0	1.034
							
							
							
1975.247	0.241	1975.247	1975.247	-753.823	1975.247	1.0	0.724
							
							
1985.82	0.279	1985.82	1985.82	-383.341	1985.82	1.0	0.838
1983.119	0.131	1983.119	1983.119	-1049.217	1983.119	1.0	0.654
							
							
1415.325	1.033	1415.325	1415.325	44.622	1415.325	1.0	1.033
							
1968.469	0.302	1968.469	1968.469	-203.322	1968.469	1.0	0.906
1974.367	0.301	1974.367	1974.367	-209.034	1974.367	1.0	0.904
1967.287	0.098	1967.287	1967.287	-912.713	1967.287	1.0	0.683
1610.241	0.517	1610.241	1610.241	53.778	1610.241	1.0	1.035
1806.118	0.515	1806.118	1806.118	52.286	1806.118	1.0	1.03
							
1972.054	0.292	1972.054	1972.054	-281.007	1972.054	1.0	0.875
1968.247	0.504	1968.247	1968.247	17.045	1968.247	1.0	1.009
1737.122	0.519	1737.122	1737.122	63.153	1737.122	1.0	1.038
							
1972.974	0.07	1972.974	1972.974	-1568.795	1972.974	1.0	0.557
1975.921	0.056	1975.921	1975.921	-1948.977	1975.921	1.0	0.503
							
							
1968.86	0.327	1968.86	1968.86	-40.391	1968.86	1.0	0.98
1675.485	0.343	1675.485	1675.485	49.363	1675.485	1.0	1.03
1763.828	0.517	1763.828	1763.828	56.436	1763.828	1.0	1.033
							
							
1973.534	0.163	1973.534	1973.534	-453.677	1973.534	1.0	0.813
							
1993.482	0.089	1993.482	1993.482	-1223.208	1993.482	1.0	0.62
1975.249	0.076	1975.249	1975.249	-1729.059	1975.249	1.0	0.533
1972.693	0.086	1972.693	1972.693	-1313.656	1972.693	1.0	0.6
							
							
							
1968.696	0.317	1968.696	1968.696	-98.606	1968.696	1.0	0.952
1653.827	0.344	1653.827	1653.827	50.924	1653.827	1.0	1.032
1957.268	0.343	1957.268	1957.268	52.506	1957.268	1.0	1.028
1885.071	0.342	1885.071	1885.071	49.969	1885.071	1.0	1.027
1473.046	0.516	1473.046	1473.046	44.293	1473.046	1.0	1.031
1487.373	0.516	1487.373	1487.373	47.01	1487.373	1.0	1.033
							
							
1483.44	0.515	1483.44	1483.44	43.077	1483.44	1.0	1.03
							
							
1708.92	0.343	1708.92	1708.92	47.968	1708.92	1.0	1.029
1678.846	0.342	1678.846	1678.846	41.113	1678.846	1.0	1.025
1729.192	0.342	1729.192	1729.192	45.02	1729.192	1.0	1.027
1626.621	0.515	1626.621	1626.621	46.938	1626.621	1.0	1.03
1522.123	0.516	1522.123	1522.123	46.93	1522.123	1.0	1.032
1773.821	0.342	1773.821	1773.821	43.209	1773.821	1.0	1.025
1647.609	0.514	1647.609	1647.609	44.706	1647.609	1.0	1.028
1671.661	0.525	1671.661	1671.661	80.368	1671.661	1.0	1.051
1460.018	0.515	1460.018	1460.018	42.875	1460.018	1.0	1.03
1546.983	0.516	1546.983	1546.983	48.57	1546.983	1.0	1.032
							
1559.598	0.344	1559.598	1559.598	49.576	1559.598	1.0	1.033
1462.029	0.516	1462.029	1462.029	44.886	1462.029	1.0	1.032
							
							
1445.262	0.514	1445.262	1445.262	39.729	1445.262	1.0	1.028
							
1665.015	0.516	1665.015	1665.015	50.502	1665.015	1.0	1.031
							
							
1537.372	1.034	1537.372	1537.372	50.569	1537.372	1.0	1.034
1965.488	0.498	1965.488	1965.488	-8.934	1965.488	1.0	0.995
							
							
							
							
							
1719.012	0.513	1719.012	1719.012	45.044	1719.012	1.0	1.027
1523.477	1.033	1523.477	1523.477	48.284	1523.477	1.0	1.033
							
1618.019	0.515	1618.019	1618.019	48.541	1618.019	1.0	1.031
1657.83	0.342	1657.83	1657.83	43.317	1657.83	1.0	1.027
1460.639	0.515	1460.639	1460.639	43.496	1460.639	1.0	1.031
1506.812	0.514	1506.812	1506.812	41.823	1506.812	1.0	1.029
1531.279	0.515	1531.279	1531.279	44.476	1531.279	1.0	1.03
1542.223	0.515	1542.223	1542.223	43.81	1542.223	1.0	1.029
1712.457	0.516	1712.457	1712.457	51.505	1712.457	1.0	1.031
							
							
							
1579.65	0.515	1579.65	1579.65	46.407	1579.65	1.0	1.03
							
1963.474	0.333	1963.474	1963.474	0.662	1963.474	1.0	1.0
1407.839	0.514	1407.839	1407.839	37.136	1407.839	1.0	1.027
1965.435	0.45	1965.435	1965.435	-217.967	1965.435	1.0	0.9
							
1631.586	0.344	1631.586	1631.586	51.903	1631.586	1.0	1.033
1964.054	0.232	1964.054	1964.054	-149.687	1964.054	1.0	0.929
1779.43	0.343	1779.43	1779.43	48.818	1779.43	1.0	1.028
1557.537	0.516	1557.537	1557.537	47.514	1557.537	1.0	1.031
1621.069	0.257	1621.069	1621.069	41.387	1621.069	1.0	1.026
1969.329	0.188	1969.329	1969.329	-655.252	1969.329	1.0	0.75
1965.877	0.085	1965.877	1965.877	-925.733	1965.877	1.0	0.68
1967.756	0.084	1967.756	1967.756	-947.074	1967.756	1.0	0.675
1988.205	0.5	1988.205	1988.205	0.767	1988.205	1.0	1.0
1961.147	0.164	1961.147	1961.147	-1034.953	1961.147	1.0	0.655
1768.247	0.514	1768.247	1768.247	49.245	1768.247	1.0	1.029
1720.772	0.514	1720.772	1720.772	46.804	1720.772	1.0	1.028
1965.227	0.248	1965.227	1965.227	-670.963	1965.227	1.0	0.745
1965.854	0.148	1965.854	1965.854	-1355.325	1965.854	1.0	0.592
							
1647.424	0.343	1647.424	1647.424	44.521	1647.424	1.0	1.028
1964.565	0.478	1964.565	1964.565	-91.127	1964.565	1.0	0.956
1788.806	0.513	1788.806	1788.806	46.584	1788.806	1.0	1.027
1971.364	0.466	1971.364	1971.364	-142.377	1971.364	1.0	0.933
1972.562	0.418	1972.562	1972.562	-384.989	1972.562	1.0	0.837
1767.354	0.514	1767.354	1767.354	48.352	1767.354	1.0	1.028
1971.851	0.238	1971.851	1971.851	-792.049	1971.851	1.0	0.713
							
1995.821	0.214	1995.821	1995.821	-338.51	1995.821	1.0	0.855
1968.203	0.218	1968.203	1968.203	-284.858	1968.203	1.0	0.874
1664.894	0.516	1664.894	1664.894	50.382	1664.894	1.0	1.031
1972.42	0.311	1972.42	1972.42	-141.321	1972.42	1.0	0.933
1903.937	0.512	1903.937	1903.937	45.615	1903.937	1.0	1.025
1552.632	0.514	1552.632	1552.632	42.609	1552.632	1.0	1.028
1964.479	0.165	1964.479	1964.479	-416.292	1964.479	1.0	0.825
1972.866	0.185	1972.866	1972.866	-164.095	1972.866	1.0	0.923
							
1791.017	0.514	1791.017	1791.017	48.795	1791.017	1.0	1.028
1943.148	0.342	1943.148	1943.148	49.996	1943.148	1.0	1.026
1967.505	0.212	1967.505	1967.505	-355.216	1967.505	1.0	0.847
1887.372	0.343	1887.372	1887.372	52.27	1887.372	1.0	1.028
1967.713	0.217	1967.713	1967.713	-296.958	1967.713	1.0	0.869
1931.819	0.342	1931.819	1931.819	48.871	1931.819	1.0	1.026
1964.865	0.275	1964.865	1964.865	-415.906	1964.865	1.0	0.825
1974.831	0.286	1974.831	1974.831	-326.076	1974.831	1.0	0.858
1967.191	0.099	1967.191	1967.191	-1330.768	1967.191	1.0	0.596
1976.988	0.215	1976.988	1976.988	-323.919	1976.988	1.0	0.859
1972.254	0.341	1972.254	1972.254	44.272	1972.254	1.0	1.023
1492.883	0.343	1492.883	1492.883	40.91	1492.883	1.0	1.028
1963.769	0.16	1963.769	1963.769	-498.272	1963.769	1.0	0.798
1974.13	0.177	1974.13	1974.13	-255.711	1974.13	1.0	0.885
1450.358	0.516	1450.358	1450.358	44.825	1450.358	1.0	1.032
1894.727	0.342	1894.727	1894.727	48.015	1894.727	1.0	1.026
1691.026	0.513	1691.026	1691.026	41.684	1691.026	1.0	1.025
1961.232	0.512	1961.232	1961.232	44.86	1961.232	1.0	1.023
1717.442	0.513	1717.442	1717.442	43.474	1717.442	1.0	1.026
1646.211	0.514	1646.211	1646.211	43.308	1646.211	1.0	1.027
1968.851	0.332	1968.851	1968.851	-5.571	1968.851	1.0	0.997
1492.192	0.514	1492.192	1492.192	40.219	1492.192	1.0	1.028
1964.205	0.452	1964.205	1964.205	-207.586	1964.205	1.0	0.904
							
1966.588	0.274	1966.588	1966.588	-425.793	1966.588	1.0	0.822
1945.643	0.34	1945.643	1945.643	40.881	1945.643	1.0	1.021
1877.935	0.341	1877.935	1877.935	42.833	1877.935	1.0	1.023
1785.276	0.512	1785.276	1785.276	43.054	1785.276	1.0	1.025
1550.402	0.513	1550.402	1550.402	40.379	1550.402	1.0	1.027
1966.219	0.324	1966.219	1966.219	-54.643	1966.219	1.0	0.973
1964.127	0.2	1964.127	1964.127	-486.304	1964.127	1.0	0.802
1963.03	0.206	1963.03	1963.03	-417.741	1963.03	1.0	0.825
1968.904	0.466	1968.904	1968.904	-144.838	1968.904	1.0	0.931
1962.302	0.433	1962.302	1962.302	-302.369	1962.302	1.0	0.866
							
1619.052	0.512	1619.052	1619.052	39.369	1619.052	1.0	1.025
1777.843	0.514	1777.843	1777.843	47.231	1777.843	1.0	1.027
1925.587	0.511	1925.587	1925.587	42.639	1925.587	1.0	1.023
							
							
							
							
							
							
							
							
							
							
							
							
							
							
							
							
							
							
							
							
1544.548	1.031	1544.548	1544.548	46.135	1544.548	1.0	1.031
1601.125	1.029	1601.125	1601.125	44.662	1601.125	1.0	1.029
							
1535.948	1.025	1535.948	1535.948	37.535	1535.948	1.0	1.025
1490.68	1.027	1490.68	1490.68	38.707	1490.68	1.0	1.027
1520.026	1.03	1520.026	1520.026	44.833	1520.026	1.0	1.03
1468.903	1.028	1468.903	1468.903	40.15	1468.903	1.0	1.028
1428.527	1.025	1428.527	1428.527	34.604	1428.527	1.0	1.025
1421.741	1.029	1421.741	1421.741	39.428	1421.741	1.0	1.029
							
							
1855.521	0.512	1855.521	1855.521	43.639	1855.521	1.0	1.024
1973.925	0.226	1973.925	1973.925	-209.476	1973.925	1.0	0.904
1972.534	0.324	1972.534	1972.534	-59.938	1972.534	1.0	0.971
1966.972	0.3	1966.972	1966.972	-216.429	1966.972	1.0	0.901
1963.882	0.126	1963.882	1963.882	-1159.928	1963.882	1.0	0.629
1961.663	0.13	1961.663	1961.663	-1057.657	1961.663	1.0	0.65
1962.543	0.178	1962.543	1962.543	-801.357	1962.543	1.0	0.71
1962.409	0.175	1962.409	1962.409	-847.931	1962.409	1.0	0.698
1969.64	0.19	1969.64	1969.64	-620.111	1969.64	1.0	0.761
1960.911	0.174	1960.911	1960.911	-849.429	1960.911	1.0	0.698
1965.126	0.158	1965.126	1965.126	-1135.463	1965.126	1.0	0.634
1969.29	0.217	1969.29	1969.29	-295.381	1969.29	1.0	0.87
1966.258	0.112	1966.258	1966.258	-961.588	1966.258	1.0	0.672
1963.078	0.119	1963.078	1963.078	-777.602	1963.078	1.0	0.716
1963.757	0.099	1963.757	1963.757	-869.803	1963.757	1.0	0.693
1964.433	0.088	1964.433	1964.433	-1217.426	1964.433	1.0	0.617
1968.714	0.087	1968.714	1968.714	-1259.585	1968.714	1.0	0.61
1965.404	0.092	1965.404	1965.404	-1088.746	1965.404	1.0	0.644
1748.789	0.512	1748.789	1748.789	41.397	1748.789	1.0	1.024
1888.981	0.511	1888.981	1888.981	42.269	1888.981	1.0	1.023
1820.751	0.512	1820.751	1820.751	42.293	1820.751	1.0	1.024
1960.941	0.166	1960.941	1960.941	-408.22	1960.941	1.0	0.828
1901.491	0.341	1901.491	1901.491	43.169	1901.491	1.0	1.023
1734.519	0.515	1734.519	1734.519	50.347	1734.519	1.0	1.03
1964.639	0.165	1964.639	1964.639	-416.132	1964.639	1.0	0.825
1967.363	0.145	1967.363	1967.363	-738.488	1967.363	1.0	0.727
1636.632	0.514	1636.632	1636.632	45.339	1636.632	1.0	1.028
							
1960.215	0.211	1960.215	1960.215	-362.506	1960.215	1.0	0.844
1669.226	0.513	1669.226	1669.226	43.104	1669.226	1.0	1.027
1828.741	0.511	1828.741	1828.741	40.079	1828.741	1.0	1.022
							
							
1961.66	0.166	1961.66	1961.66	-395.891	1961.66	1.0	0.832
1962.992	0.064	1962.992	1962.992	-2427.711	1962.992	1.0	0.447
1966.703	0.19	1966.703	1966.703	-623.047	1966.703	1.0	0.759
1964.488	0.149	1964.488	1964.488	-671.703	1964.488	1.0	0.745
1964.419	0.09	1964.419	1964.419	-1159.39	1964.419	1.0	0.629
1968.68	0.087	1968.68	1968.68	-1816.898	1968.68	1.0	0.52
1917.234	0.513	1917.234	1917.234	47.302	1917.234	1.0	1.025
1959.849	0.325	1959.849	1959.849	-49.403	1959.849	1.0	0.975
1959.774	0.321	1959.774	1959.774	-72.698	1959.774	1.0	0.964
1467.41	0.514	1467.41	1467.41	38.657	1467.41	1.0	1.027
1866.213	0.341	1866.213	1866.213	42.721	1866.213	1.0	1.023
1962.878	0.096	1962.878	1962.878	-1427.961	1962.878	1.0	0.579
1962.993	0.185	1962.993	1962.993	-684.807	1962.993	1.0	0.741
1962.47	0.046	1962.47	1962.47	-1939.208	1962.47	1.0	0.503
							
1963.183	0.464	1963.183	1963.183	-150.558	1963.183	1.0	0.929
1972.145	0.313	1972.145	1972.145	-129.987	1972.145	1.0	0.938
1967.512	0.075	1967.512	1967.512	-1783.236	1967.512	1.0	0.525
1972.149	0.084	1972.149	1972.149	-1952.749	1972.149	1.0	0.502
1964.044	0.152	1964.044	1964.044	-614.097	1964.044	1.0	0.762
							
1965.696	0.139	1965.696	1965.696	-867.864	1965.696	1.0	0.694
1965.079	0.201	1965.079	1965.079	-473.742	1965.079	1.0	0.806
1965.927	0.196	1965.927	1965.927	-543.96	1965.927	1.0	0.783
1455.649	1.027	1455.649	1455.649	38.506	1455.649	1.0	1.027
1581.244	0.516	1581.244	1581.244	48.001	1581.244	1.0	1.031
1686.195	0.53	1686.195	1686.195	94.902	1686.195	1.0	1.06
1972.432	0.082	1972.432	1972.432	-1464.847	1972.432	1.0	0.574
1966.528	0.202	1966.528	1966.528	-472.293	1966.528	1.0	0.806
1967.391	0.197	1967.391	1967.391	-529.48	1967.391	1.0	0.788
1967.365	0.253	1967.365	1967.365	-622.386	1967.365	1.0	0.76
1961.883	0.228	1961.883	1961.883	-906.507	1961.883	1.0	0.684
1965.432	0.51	1965.432	1965.432	37.45	1965.432	1.0	1.019
1684.317	0.514	1684.317	1684.317	46.584	1684.317	1.0	1.028
1968.553	0.16	1968.553	1968.553	-493.488	1968.553	1.0	0.8
1963.912	0.131	1963.912	1963.912	-1043.798	1963.912	1.0	0.653
1964.306	0.242	1964.306	1964.306	-741.544	1964.306	1.0	0.726
1970.294	0.182	1970.294	1970.294	-735.556	1970.294	1.0	0.728
1971.699	0.295	1971.699	1971.699	-258.142	1971.699	1.0	0.884
1964.324	0.053	1964.324	1964.324	-2703.612	1964.324	1.0	0.421
1961.255	0.041	1961.255	1961.255	-3380.06	1961.255	1.0	0.367
1970.237	0.17	1970.237	1970.237	-932.983	1970.237	1.0	0.679
1973.481	0.181	1973.481	1973.481	-745.385	1973.481	1.0	0.726
1965.122	0.245	1965.122	1965.122	-44.13	1965.122	1.0	0.978
1681.361	0.513	1681.361	1681.361	43.628	1681.361	1.0	1.027
1970.168	0.091	1970.168	1970.168	-1629.651	1970.168	1.0	0.547
1972.263	0.073	1972.263	1972.263	-1906.195	1972.263	1.0	0.509
1963.837	0.118	1963.837	1963.837	-811.673	1963.837	1.0	0.708
							
							
1787.94	0.513	1787.94	1787.94	45.718	1787.94	1.0	1.026
1962.523	0.049	1962.523	1962.523	-2484.824	1962.523	1.0	0.441
							
1964.187	0.085	1964.187	1964.187	-1345.382	1964.187	1.0	0.593
1971.554	0.082	1971.554	1971.554	-1442.505	1971.554	1.0	0.577
1971.845	0.173	1971.845	1971.845	-873.325	1971.845	1.0	0.693
1968.026	0.145	1968.026	1968.026	-737.824	1968.026	1.0	0.727
1965.554	0.139	1965.554	1965.554	-868.006	1965.554	1.0	0.694
1975.835	0.151	1975.835	1975.835	-648.745	1975.835	1.0	0.753
1847.473	0.257	1847.473	1847.473	47.201	1847.473	1.0	1.026
1764.29	0.342	1764.29	1764.29	45.288	1764.29	1.0	1.026
							
1467.17	1.027	1467.17	1467.17	38.417	1467.17	1.0	1.027
							
1794.043	0.511	1794.043	1794.043	40.211	1794.043	1.0	1.023
1808.809	0.512	1808.809	1808.809	43.367	1808.809	1.0	1.025
1967.565	0.165	1967.565	1967.565	-413.206	1967.565	1.0	0.826
1961.939	0.126	1961.939	1961.939	-1161.871	1961.939	1.0	0.628
1968.777	0.157	1968.777	1968.777	-1168.048	1968.777	1.0	0.628
1967.893	0.332	1967.893	1967.893	-6.529	1967.893	1.0	0.997
1970.48	0.106	1970.48	1970.48	-1130.11	1970.48	1.0	0.636
1971.621	0.32	1971.621	1971.621	-84.071	1971.621	1.0	0.959
1970.214	0.304	1970.214	1970.214	-189.967	1970.214	1.0	0.912
1975.367	0.331	1975.367	1975.367	-12.071	1975.367	1.0	0.994
1970.002	0.221	1970.002	1970.002	-259.839	1970.002	1.0	0.883
1967.074	0.328	1967.074	1967.074	-30.568	1967.074	1.0	0.985
1970.257	0.219	1970.257	1970.257	-282.804	1970.257	1.0	0.874
1975.876	0.307	1975.876	1975.876	-172.695	1975.876	1.0	0.92
1976.381	0.299	1976.381	1976.381	-230.241	1976.381	1.0	0.896
1978.788	0.332	1978.788	1978.788	-8.65	1978.788	1.0	0.996
1974.823	0.301	1974.823	1974.823	-208.578	1974.823	1.0	0.904
1979.852	0.34	1979.852	1979.852	40.26	1979.852	1.0	1.021
1964.682	0.33	1964.682	1964.682	-22.756	1964.682	1.0	0.989
1972.06	0.214	1972.06	1972.06	-328.847	1972.06	1.0	0.857
1972.733	0.189	1972.733	1972.733	-641.643	1972.733	1.0	0.755
1976.641	0.185	1976.641	1976.641	-694.38	1976.641	1.0	0.74
1628.131	0.519	1628.131	1628.131	58.653	1628.131	1.0	1.037
1977.595	0.304	1977.595	1977.595	-194.196	1977.595	1.0	0.911
1963.937	0.199	1963.937	1963.937	-498.104	1963.937	1.0	0.798
1960.761	0.186	1960.761	1960.761	-675.429	1960.761	1.0	0.744
							
							
1971.491	0.061	1971.491	1971.491	-1639.938	1971.491	1.0	0.546
2025.906	0.04	2025.906	2025.906	-2630.421	2025.906	1.0	0.435
1645.332	0.517	1645.332	1645.332	54.039	1645.332	1.0	1.034
1967.73	0.097	1967.73	1967.73	-923.88	1967.73	1.0	0.68
1943.77	0.342	1943.77	1943.77	50.618	1943.77	1.0	1.027
1965.055	0.275	1965.055	1965.055	-415.716	1965.055	1.0	0.825
1978.9	0.234	1978.9	1978.9	-134.842	1978.9	1.0	0.936
1724.022	0.515	1724.022	1724.022	50.054	1724.022	1.0	1.03
1966.938	0.285	1966.938	1966.938	-333.969	1966.938	1.0	0.855
1972.716	0.064	1972.716	1972.716	-1859.302	1972.716	1.0	0.515
1852.944	0.515	1852.944	1852.944	52.672	1852.944	1.0	1.029
1966.704	0.15	1966.704	1966.704	-647.672	1966.704	1.0	0.752
1971.389	0.143	1971.389	1971.389	-792.511	1971.389	1.0	0.713
1660.75	0.514	1660.75	1660.75	46.238	1660.75	1.0	1.029
1985.269	0.111	1985.269	1985.269	-999.221	1985.269	1.0	0.665
1972.575	0.036	1972.575	1972.575	-3542.89	1972.575	1.0	0.358
1582.488	0.516	1582.488	1582.488	49.245	1582.488	1.0	1.032
1974.346	0.267	1974.346	1974.346	-487.695	1974.346	1.0	0.802
1971.44	0.264	1971.44	1971.44	-513.821	1971.44	1.0	0.793
1909.16	0.514	1909.16	1909.16	50.838	1909.16	1.0	1.027
1965.383	0.103	1965.383	1965.383	-1216.476	1965.383	1.0	0.618
1972.97	0.154	1972.97	1972.97	-581.951	1972.97	1.0	0.772
1969.568	0.08	1969.568	1969.568	-1525.761	1969.568	1.0	0.563
1969.879	0.163	1969.879	1969.879	-445.722	1969.879	1.0	0.815
1967.243	0.233	1967.243	1967.243	-146.498	1967.243	1.0	0.931
1982.017	0.244	1982.017	1982.017	-50.455	1982.017	1.0	0.975
1973.509	0.335	1973.509	1973.509	10.697	1973.509	1.0	1.005
1972.814	0.325	1972.814	1972.814	-48.048	1972.814	1.0	0.976
1713.834	0.516	1713.834	1713.834	52.882	1713.834	1.0	1.032
1983.168	0.054	1983.168	1983.168	-2626.719	1983.168	1.0	0.43
1979.514	0.137	1979.514	1979.514	-1643.524	1979.514	1.0	0.546
1970.979	0.089	1970.979	1970.979	-1721.72	1970.979	1.0	0.534
1991.511	0.311	1991.511	1991.511	-145.45	1991.511	1.0	0.932
1972.181	0.187	1972.181	1972.181	-664.009	1972.181	1.0	0.748
1968.954	0.09	1968.954	1968.954	-1665.694	1968.954	1.0	0.542
1516.602	0.518	1516.602	1516.602	51.613	1516.602	1.0	1.035
1637.424	0.514	1637.424	1637.424	46.132	1637.424	1.0	1.029
1973.976	0.179	1973.976	1973.976	-789.925	1973.976	1.0	0.714
1970.217	0.086	1970.217	1970.217	-1826.971	1970.217	1.0	0.519
1967.873	0.112	1967.873	1967.873	-1550.676	1967.873	1.0	0.559
1973.608	0.06	1973.608	1973.608	-2717.549	1973.608	1.0	0.421
1970.526	0.074	1970.526	1970.526	-2476.821	1970.526	1.0	0.443
1972.091	0.086	1972.091	1972.091	-1871.537	1972.091	1.0	0.513
1971.158	0.059	1971.158	1971.158	-2766.438	1971.158	1.0	0.416
1970.802	0.054	1970.802	1970.802	-3231.193	1970.802	1.0	0.379
1968.705	0.051	1968.705	1968.705	-2826.941	1968.705	1.0	0.411
1968.665	0.511	1968.665	1968.665	40.683	1968.665	1.0	1.021
1963.673	0.139	1963.673	1963.673	-869.887	1963.673	1.0	0.693
1990.349	0.13	1990.349	1990.349	-1075.411	1990.349	1.0	0.649
1971.618	0.077	1971.618	1971.618	-2289.969	1971.618	1.0	0.463
1966.736	0.218	1966.736	1966.736	-1040.974	1966.736	1.0	0.654
1974.116	0.161	1974.116	1974.116	-1091.644	1974.116	1.0	0.644
1975.032	0.114	1975.032	1975.032	-1475.263	1975.032	1.0	0.572
1972.205	0.039	1972.205	1972.205	-3020.811	1972.205	1.0	0.395
1973.989	0.116	1973.989	1973.989	-1440.07	1973.989	1.0	0.578
1971.794	0.145	1971.794	1971.794	-747.072	1971.794	1.0	0.725
1962.938	0.075	1962.938	1962.938	-2427.765	1962.938	1.0	0.447
1962.655	0.081	1962.655	1962.655	-2078.343	1962.655	1.0	0.486
1973.232	0.08	1973.232	1973.232	-2137.426	1973.232	1.0	0.48
1971.729	0.108	1971.729	1971.729	-1674.53	1971.729	1.0	0.541
1972.028	0.135	1972.028	1972.028	-1687.246	1972.028	1.0	0.539
1973.926	0.055	1973.926	1973.926	-1998.818	1973.926	1.0	0.497
1980.021	0.092	1980.021	1980.021	-2339.616	1980.021	1.0	0.458
1969.316	0.224	1969.316	1969.316	-227.101	1969.316	1.0	0.897
1965.076	0.196	1965.076	1965.076	-544.81	1965.076	1.0	0.783
1965.73	0.129	1965.73	1965.73	-1076.81	1965.73	1.0	0.646
1962.591	0.126	1962.591	1962.591	-627.159	1962.591	1.0	0.758
1964.48	0.324	1964.48	1964.48	-56.382	1964.48	1.0	0.972
1966.335	0.149	1966.335	1966.335	-681.465	1966.335	1.0	0.743
							
1814.885	0.343	1814.885	1814.885	49.443	1814.885	1.0	1.028
1967.96	0.307	1967.96	1967.96	-169.001	1967.96	1.0	0.921
1967.746	0.504	1967.746	1967.746	16.544	1967.746	1.0	1.008
1978.819	0.163	1978.819	1978.819	-1053.517	1978.819	1.0	0.653
1965.09	0.239	1965.09	1965.09	-775.59	1965.09	1.0	0.717
1962.237	0.272	1962.237	1962.237	-443.16	1962.237	1.0	0.816
1966.927	0.458	1966.927	1966.927	-181.645	1966.927	1.0	0.915
							
1967.494	0.087	1967.494	1967.494	-1260.806	1967.494	1.0	0.609
1970.786	0.127	1970.786	1970.786	-1141.414	1970.786	1.0	0.633
1972.124	0.147	1972.124	1972.124	-710.506	1972.124	1.0	0.735
1965.725	0.15	1965.725	1965.725	-658.856	1965.725	1.0	0.749
							
							
							
							
1966.891	0.304	1966.891	1966.891	-193.29	1966.891	1.0	0.911
1965.358	0.302	1965.358	1965.358	-206.433	1965.358	1.0	0.905
1964.796	0.093	1964.796	1964.796	-1054.524	1964.796	1.0	0.651
1970.455	0.306	1970.455	1970.455	-178.117	1970.455	1.0	0.917
1622.955	0.514	1622.955	1622.955	43.272	1622.955	1.0	1.027
1660.132	0.514	1660.132	1660.132	45.62	1660.132	1.0	1.028
							
1962.651	0.277	1962.651	1962.651	-394.9	1962.651	1.0	0.832
1946.364	0.511	1946.364	1946.364	41.602	1946.364	1.0	1.022
1785.409	0.512	1785.409	1785.409	43.187	1785.409	1.0	1.025
1965.478	0.069	1965.478	1965.478	-1576.291	1965.478	1.0	0.555
1964.667	0.059	1964.667	1964.667	-1728.031	1964.667	1.0	0.532
							
							
1964.477	0.336	1964.477	1964.477	13.275	1964.477	1.0	1.007
1657.923	0.342	1657.923	1657.923	43.41	1657.923	1.0	1.027
1729.56	0.513	1729.56	1729.56	45.388	1729.56	1.0	1.027
							
							
1973.642	0.184	1973.642	1973.642	-174.929	1973.642	1.0	0.919
1963.823	0.12	1963.823	1963.823	-755.043	1963.823	1.0	0.722
1965.761	0.209	1965.761	1965.761	-380.18	1965.761	1.0	0.838
1985.822	0.112	1985.822	1985.822	-557.489	1985.822	1.0	0.781
1880.902	0.512	1880.902	1880.902	45.8	1880.902	1.0	1.025
1966.142	0.338	1966.142	1966.142	26.55	1966.142	1.0	1.014
1964.094	0.211	1964.094	1964.094	-358.627	1964.094	1.0	0.846
1967.296	0.204	1967.296	1967.296	-448.305	1967.296	1.0	0.814
1876.895	0.511	1876.895	1876.895	41.793	1876.895	1.0	1.023
							
							
1715.435	0.512	1715.435	1715.435	41.467	1715.435	1.0	1.025
							
							
							
1443.933	0.514	1443.933	1443.933	38.4	1443.933	1.0	1.027
							
1510.013	0.515	1510.013	1510.013	45.024	1510.013	1.0	1.031
1572.826	0.513	1572.826	1572.826	39.583	1572.826	1.0	1.026
							
1443.109	1.027	1443.109	1443.109	37.576	1443.109	1.0	1.027
							
1528.0	1.028	1528.0	1528.0	41.197	1528.0	1.0	1.028
1965.925	0.51	1965.925	1965.925	37.943	1965.925	1.0	1.02
							
							
							
1646.96	0.514	1646.96	1646.96	44.057	1646.96	1.0	1.027
							
							
							
							
1567.147	1.03	1567.147	1567.147	45.514	1567.147	1.0	1.03
							
1963.299	0.339	1963.299	1963.299	35.317	1963.299	1.0	1.018
1970.175	0.291	1970.175	1970.175	-282.886	1970.175	1.0	0.874
1966.039	0.317	1966.039	1966.039	-101.262	1966.039	1.0	0.951
1967.481	0.091	1967.481	1967.481	-1133.109	1967.481	1.0	0.635
1965.844	0.151	1965.844	1965.844	-635.516	1965.844	1.0	0.756
							
							
							
							
							
							
1963.725	0.32	1963.725	1963.725	-80.357	1963.725	1.0	0.961
							
1966.404	0.154	1966.404	1966.404	-158.948	1966.404	1.0	0.925
1963.675	0.096	1963.675	1963.675	-964.171	1963.675	1.0	0.671
1963.755	0.096	1963.755	1963.755	-1438.694	1963.755	1.0	0.577
							
1967.433	0.307	1967.433	1967.433	-169.529	1967.433	1.0	0.921
1766.764	0.343	1766.764	1766.764	47.762	1766.764	1.0	1.028
1965.018	0.336	1965.018	1965.018	13.816	1965.018	1.0	1.007
1926.945	0.341	1926.945	1926.945	43.997	1926.945	1.0	1.023
							
1661.668	0.518	1661.668	1661.668	58.766	1661.668	1.0	1.037
1963.499	0.242	1963.499	1963.499	-742.351	1963.499	1.0	0.726
1789.981	0.514	1789.981	1789.981	47.759	1789.981	1.0	1.027
1739.181	0.513	1739.181	1739.181	43.399	1739.181	1.0	1.026
1866.368	0.512	1866.368	1866.368	42.876	1866.368	1.0	1.024
1579.094	0.515	1579.094	1579.094	45.851	1579.094	1.0	1.03
1683.871	0.514	1683.871	1683.871	46.138	1683.871	1.0	1.028
1917.057	0.342	1917.057	1917.057	47.125	1917.057	1.0	1.025
1960.696	0.337	1960.696	1960.696	21.104	1960.696	1.0	1.011
1599.464	0.514	1599.464	1599.464	43.001	1599.464	1.0	1.028
1970.499	0.237	1970.499	1970.499	-108.412	1970.499	1.0	0.948
1743.292	0.514	1743.292	1743.292	47.51	1743.292	1.0	1.028
1967.326	0.328	1967.326	1967.326	-30.316	1967.326	1.0	0.985
1966.421	0.115	1966.421	1966.421	-878.749	1966.421	1.0	0.691
1964.989	0.106	1964.989	1964.989	-1112.381	1964.989	1.0	0.639
1962.911	0.15	1962.911	1962.911	-651.465	1962.911	1.0	0.751
1980.733	0.286	1980.733	1980.733	-330.378	1980.733	1.0	0.857
1965.876	0.177	1965.876	1965.876	-809.634	1965.876	1.0	0.708
1962.197	0.049	1962.197	1962.197	-2078.801	1962.197	1.0	0.486
1962.827	0.05	1962.827	1962.827	-1938.851	1962.827	1.0	0.503
1964.591	0.06	1964.591	1964.591	-1646.837	1964.591	1.0	0.544
1970.122	0.065	1970.122	1970.122	-1375.683	1970.122	1.0	0.589
							
							
1419.826	0.514	1419.826	1419.826	37.513	1419.826	1.0	1.027
							
1487.815	0.521	1487.815	1487.815	59.062	1487.815	1.0	1.041
1457.914	0.514	1457.914	1457.914	40.771	1457.914	1.0	1.029
1600.983	0.514	1600.983	1600.983	44.52	1600.983	1.0	1.029
1460.959	0.515	1460.959	1460.959	43.816	1460.959	1.0	1.031
1821.821	0.341	1821.821	1821.821	43.363	1821.821	1.0	1.024
1670.519	0.514	1670.519	1670.519	44.397	1670.519	1.0	1.027
1637.42	0.514	1637.42	1637.42	46.127	1637.42	1.0	1.029
1454.229	0.513	1454.229	1454.229	37.086	1454.229	1.0	1.026
1601.674	0.515	1601.674	1601.674	45.212	1601.674	1.0	1.029
							
1513.69	0.342	1513.69	1513.69	38.497	1513.69	1.0	1.026
1421.85	0.514	1421.85	1421.85	39.537	1421.85	1.0	1.029
1445.218	0.514	1445.218	1445.218	39.685	1445.218	1.0	1.028
							
							
							
1671.493	0.514	1671.493	1671.493	45.37	1671.493	1.0	1.028
							
							
							
							
							
							
							
							
1408.419	0.514	1408.419	1408.419	37.716	1408.419	1.0	1.028
							
							
							
1685.119	0.514	1685.119	1685.119	47.386	1685.119	1.0	1.029
							
1410.69	0.515	1410.69	1410.69	39.987	1410.69	1.0	1.029
1959.426	0.325	1959.426	1959.426	-49.826	1959.426	1.0	0.975
1646.932	0.514	1646.932	1646.932	44.03	1646.932	1.0	1.027
1960.514	0.309	1960.514	1960.514	-153.228	1960.514	1.0	0.928
							
1628.571	0.515	1628.571	1628.571	48.888	1628.571	1.0	1.031
							
1949.221	0.515	1949.221	1949.221	56.069	1949.221	1.0	1.03
1970.837	0.1	1970.837	1970.837	-852.519	1970.837	1.0	0.698
1965.733	0.098	1965.733	1965.733	-902.657	1965.733	1.0	0.685
							
1480.629	0.514	1480.629	1480.629	40.266	1480.629	1.0	1.028
							
							
							
1519.671	0.515	1519.671	1519.671	44.478	1519.671	1.0	1.03
							
							
							
							
1447.156	0.515	1447.156	1447.156	41.623	1447.156	1.0	1.03
							
1481.068	0.514	1481.068	1481.068	40.705	1481.068	1.0	1.028
							
1448.464	0.515	1448.464	1448.464	42.931	1448.464	1.0	1.031
							
1970.352	0.306	1970.352	1970.352	-178.22	1970.352	1.0	0.917
1965.75	0.336	1965.75	1965.75	14.548	1965.75	1.0	1.007
							
1963.987	0.317	1963.987	1963.987	-103.315	1963.987	1.0	0.95
1963.312	0.329	1963.312	1963.312	-24.125	1963.312	1.0	0.988
1997.217	0.335	1997.217	1997.217	9.779	1997.217	1.0	1.005
1968.495	0.317	1968.495	1968.495	-98.807	1968.495	1.0	0.952
1967.101	0.06	1967.101	1967.101	-2131.946	1967.101	1.0	0.48
							
1963.683	0.139	1963.683	1963.683	-859.673	1963.683	1.0	0.696
1749.826	0.512	1749.826	1749.826	42.434	1749.826	1.0	1.025
1836.792	0.257	1836.792	1836.792	48.13	1836.792	1.0	1.027
1473.17	0.516	1473.17	1473.17	44.417	1473.17	1.0	1.031
1412.561	1.031	1412.561	1412.561	41.858	1412.561	1.0	1.031
							
1961.087	0.322	1961.087	1961.087	-71.385	1961.087	1.0	0.965
							
							
							
1964.322	0.475	1964.322	1964.322	-102.98	1964.322	1.0	0.95
							
1963.824	0.042	1963.824	1963.824	-2239.713	1963.824	1.0	0.467
1994.849	0.076	1994.849	1994.849	-919.981	1994.849	1.0	0.684
1962.719	0.066	1962.719	1962.719	-1335.24	1962.719	1.0	0.595
1965.978	0.048	1965.978	1965.978	-1773.16	1965.978	1.0	0.526
1971.025	0.077	1971.025	1971.025	-874.145	1971.025	1.0	0.693
1970.193	0.068	1970.193	1970.193	-1246.497	1970.193	1.0	0.612
1970.491	0.06	1970.491	1970.491	-1315.858	1970.491	1.0	0.6
1984.876	0.054	1984.876	1984.876	-1684.602	1984.876	1.0	0.541
1968.632	0.054	1968.632	1968.632	-1700.847	1968.632	1.0	0.536
1964.1	0.061	1964.1	1964.1	-1240.979	1964.1	1.0	0.613
1968.718	0.053	1968.718	1968.718	-2141.94	1968.718	1.0	0.479
1977.23	0.043	1977.23	1977.23	-2667.486	1977.23	1.0	0.426
1973.614	0.056	1973.614	1973.614	-1974.504	1973.614	1.0	0.5
1970.366	0.043	1970.366	1970.366	-2616.301	1970.366	1.0	0.43
1976.995	0.04	1976.995	1976.995	-2100.238	1976.995	1.0	0.485
1975.576	0.041	1975.576	1975.576	-2053.812	1975.576	1.0	0.49
1968.447	0.046	1968.447	1968.447	-1631.371	1968.447	1.0	0.547
1971.983	0.21	1971.983	1971.983	-373.958	1971.983	1.0	0.841
1972.42	0.071	1972.42	1972.42	-1522.909	1972.42	1.0	0.564
1800.221	0.342	1800.221	1800.221	46.388	1800.221	1.0	1.026
1808.653	0.341	1808.653	1808.653	43.211	1808.653	1.0	1.024
1967.571	0.15	1967.571	1967.571	-657.01	1967.571	1.0	0.75
1968.977	0.055	1968.977	1968.977	-2037.191	1968.977	1.0	0.491
1969.272	0.169	1969.272	1969.272	-365.059	1969.272	1.0	0.844
1968.507	0.064	1968.507	1968.507	-1445.552	1968.507	1.0	0.577
1967.681	0.071	1967.681	1967.681	-1492.818	1967.681	1.0	0.569
1970.229	0.072	1970.229	1970.229	-1432.22	1970.229	1.0	0.579
							
1622.68	0.345	1622.68	1622.68	53.201	1622.68	1.0	1.034
							
							
							
							
							
1607.316	1.134	1607.316	1607.316	190.173	1607.316	1.0	1.134
							
1479.207	0.342	1479.207	1479.207	38.844	1479.207	1.0	1.027
							
							
							
							
							
1905.616	0.513	1905.616	1905.616	47.294	1905.616	1.0	1.025
1972.681	0.491	1972.681	1972.681	-36.571	1972.681	1.0	0.982
1726.737	0.516	1726.737	1726.737	52.769	1726.737	1.0	1.032
1515.618	0.259	1515.618	1515.618	50.629	1515.618	1.0	1.035
1647.433	0.35	1647.433	1647.433	77.954	1647.433	1.0	1.05
1642.154	0.352	1642.154	1642.154	85.691	1642.154	1.0	1.055
1650.317	0.346	1650.317	1650.317	59.024	1650.317	1.0	1.037
							
							
1981.912	0.335	1981.912	1981.912	7.49	1981.912	1.0	1.004
1888.555	0.345	1888.555	1888.555	65.063	1888.555	1.0	1.036
1597.714	0.525	1597.714	1597.714	76.081	1597.714	1.0	1.05
							
							
1926.924	0.343	1926.924	1926.924	56.992	1926.924	1.0	1.03
							
2006.473	0.295	2006.473	2006.473	-258.198	2006.473	1.0	0.886
1759.072	0.343	1759.072	1759.072	51.68	1759.072	1.0	1.03
1426.104	0.516	1426.104	1426.104	43.791	1426.104	1.0	1.032
1428.973	1.034	1428.973	1428.973	46.66	1428.973	1.0	1.034
1979.01	0.223	1979.01	1979.01	-239.221	1979.01	1.0	0.892
1928.196	0.258	1928.196	1928.196	58.264	1928.196	1.0	1.031
1724.752	0.515	1724.752	1724.752	50.784	1724.752	1.0	1.03
							
1974.691	0.328	1974.691	1974.691	-34.561	1974.691	1.0	0.983
1916.453	0.256	1916.453	1916.453	46.521	1916.453	1.0	1.025
1720.99	0.343	1720.99	1720.99	47.022	1720.99	1.0	1.028
1604.892	0.344	1604.892	1604.892	48.429	1604.892	1.0	1.031
1649.932	0.343	1649.932	1649.932	47.03	1649.932	1.0	1.029
							
							
1728.688	0.344	1728.688	1728.688	54.719	1728.688	1.0	1.033
							
1982.721	0.313	1982.721	1982.721	-131.02	1982.721	1.0	0.938
1964.558	0.344	1964.558	1964.558	59.796	1964.558	1.0	1.031
1971.448	0.103	1971.448	1971.448	-1233.631	1971.448	1.0	0.615
1976.594	0.336	1976.594	1976.594	13.782	1976.594	1.0	1.007
1766.855	0.345	1766.855	1766.855	59.463	1766.855	1.0	1.035
1971.73	0.134	1971.73	1971.73	-977.93	1971.73	1.0	0.668
1979.743	0.092	1979.743	1979.743	-1086.017	1979.743	1.0	0.646
1900.379	0.343	1900.379	1900.379	53.667	1900.379	1.0	1.029
1970.936	0.339	1970.936	1970.936	31.344	1970.936	1.0	1.016
1980.683	0.284	1980.683	1980.683	-342.038	1980.683	1.0	0.853
1982.016	0.083	1982.016	1982.016	-1432.043	1982.016	1.0	0.581
1973.802	0.085	1973.802	1973.802	-1358.987	1973.802	1.0	0.592
1979.548	0.089	1979.548	1979.548	-1190.701	1979.548	1.0	0.624
							
1976.159	0.034	1976.159	1976.159	-2865.927	1976.159	1.0	0.408
							
1970.331	0.155	1970.331	1970.331	-572.98	1970.331	1.0	0.775
1967.115	0.223	1967.115	1967.115	-239.506	1967.115	1.0	0.891
1972.846	0.217	1972.846	1972.846	-303.435	1972.846	1.0	0.867
1986.919	0.332	1986.919	1986.919	-10.723	1986.919	1.0	0.995
1977.823	0.258	1977.823	1977.823	61.451	1977.823	1.0	1.032
1981.041	0.053	1981.041	1981.041	-1758.097	1981.041	1.0	0.53
1968.862	0.048	1968.862	1968.862	-2141.795	1968.862	1.0	0.479
1974.864	0.053	1974.864	1974.864	-1741.054	1974.864	1.0	0.531
1974.841	0.048	1974.841	1974.841	-2182.256	1974.841	1.0	0.475
1482.852	0.515	1482.852	1482.852	42.489	1482.852	1.0	1.029
1559.726	0.516	1559.726	1559.726	49.703	1559.726	1.0	1.033
1974.835	0.082	1974.835	1974.835	-1475.46	1974.835	1.0	0.572
1973.092	0.101	1973.092	1973.092	-825.638	1973.092	1.0	0.705
1975.978	0.188	1975.978	1975.978	-126.153	1975.978	1.0	0.94
1781.523	0.515	1781.523	1781.523	50.911	1781.523	1.0	1.029
1976.952	0.171	1976.952	1976.952	-914.658	1976.952	1.0	0.684
1979.3	0.108	1979.3	1979.3	-645.28	1979.3	1.0	0.754
							
1678.435	0.344	1678.435	1678.435	52.313	1678.435	1.0	1.032
1972.974	0.086	1972.974	1972.974	-895.416	1972.974	1.0	0.688
1975.607	0.036	1975.607	1975.607	-2994.189	1975.607	1.0	0.398
1973.922	0.036	1973.922	1973.922	-3077.144	1973.922	1.0	0.391
1968.678	0.167	1968.678	1968.678	-388.873	1968.678	1.0	0.835
1972.882	0.186	1972.882	1972.882	-152.47	1972.882	1.0	0.928
1969.443	0.227	1969.443	1969.443	-202.349	1969.443	1.0	0.907
1973.087	0.254	1973.087	1973.087	33.495	1973.087	1.0	1.017
1967.522	0.238	1967.522	1967.522	-99.78	1967.522	1.0	0.952
1980.737	0.244	1980.737	1980.737	-51.735	1980.737	1.0	0.975
							
1793.686	0.515	1793.686	1793.686	51.464	1793.686	1.0	1.03
1740.397	0.513	1740.397	1740.397	44.615	1740.397	1.0	1.026
							
							
							
							
							
							
							
							
							
							
							
							
							
1606.245	0.344	1606.245	1606.245	49.782	1606.245	1.0	1.032
1978.824	0.086	1978.824	1978.824	-889.566	1978.824	1.0	0.69
1971.498	0.033	1971.498	1971.498	-2998.298	1971.498	1.0	0.397
1969.755	0.038	1969.755	1969.755	-2709.792	1969.755	1.0	0.421
							
1970.994	0.339	1970.994	1970.994	31.402	1970.994	1.0	1.016
1970.301	0.203	1970.301	1970.301	-456.91	1970.301	1.0	0.812
1970.242	0.194	1970.242	1970.242	-573.068	1970.242	1.0	0.775
1710.832	0.515	1710.832	1710.832	49.88	1710.832	1.0	1.03
1972.006	0.056	1972.006	1972.006	-2440.511	1972.006	1.0	0.447
1972.775	0.221	1972.775	1972.775	-257.066	1972.775	1.0	0.885
1973.426	0.053	1973.426	1973.426	-1777.322	1973.426	1.0	0.526
							
							
							
							
							
							
							
							
							
							
							
							
							
							
							
1591.072	1.038	1591.072	1591.072	57.829	1591.072	1.0	1.038
1581.287	0.516	1581.287	1581.287	48.044	1581.287	1.0	1.031
1936.516	0.514	1936.516	1936.516	53.568	1936.516	1.0	1.028
							
							
1606.309	1.032	1606.309	1606.309	49.846	1606.309	1.0	1.032
							
1974.995	0.119	1974.995	1974.995	-800.515	1974.995	1.0	0.712
1760.667	0.344	1760.667	1760.667	53.275	1760.667	1.0	1.031
1977.357	0.085	1977.357	1977.357	-937.473	1977.357	1.0	0.678
1977.528	0.088	1977.528	1977.528	-821.202	1977.528	1.0	0.707
1994.475	0.032	1994.475	1994.475	-3195.91	1994.475	1.0	0.384
1982.761	0.038	1982.761	1982.761	-2801.275	1982.761	1.0	0.414
1976.801	0.021	1976.801	1976.801	-4897.031	1976.801	1.0	0.288
1970.989	0.244	1970.989	1970.989	-49.873	1970.989	1.0	0.975
1976.975	0.246	1976.975	1976.975	-32.277	1976.975	1.0	0.984
							
							
							
1461.788	1.032	1461.788	1461.788	44.645	1461.788	1.0	1.032
							
1575.852	0.518	1575.852	1575.852	54.219	1575.852	1.0	1.036
							
1448.501	0.515	1448.501	1448.501	42.968	1448.501	1.0	1.031
							
1653.954	0.344	1653.954	1653.954	51.051	1653.954	1.0	1.032
1644.218	0.513	1644.218	1644.218	41.315	1644.218	1.0	1.026
1805.859	0.257	1805.859	1805.859	52.027	1805.859	1.0	1.03
							
							
							
1973.731	0.329	1973.731	1973.731	-23.911	1973.731	1.0	0.988
1718.752	0.513	1718.752	1718.752	44.784	1718.752	1.0	1.027
1964.374	0.131	1964.374	1964.374	-532.497	1964.374	1.0	0.787
1962.663	0.096	1962.663	1962.663	-965.183	1962.663	1.0	0.67
1963.716	0.051	1963.716	1963.716	-1856.692	1963.716	1.0	0.514
1698.408	0.515	1698.408	1698.408	49.066	1698.408	1.0	1.03
							
1966.156	0.151	1966.156	1966.156	-635.205	1966.156	1.0	0.756
1968.392	0.181	1968.392	1968.392	-203.399	1968.392	1.0	0.906
1969.642	0.09	1969.642	1969.642	-1154.167	1969.642	1.0	0.631
							
1498.005	1.032	1498.005	1498.005	46.032	1498.005	1.0	1.032
							
1474.403	0.516	1474.403	1474.403	45.65	1474.403	1.0	1.032
							
							
							
							
							
1481.169	0.514	1481.169	1481.169	40.806	1481.169	1.0	1.028
1967.461	0.199	1967.461	1967.461	-6.96	1967.461	1.0	0.996
1547.48	0.516	1547.48	1547.48	49.067	1547.48	1.0	1.033
							
1706.51	0.514	1706.51	1706.51	45.558	1706.51	1.0	1.027
							
							
							
							
							
1782.081	0.511	1782.081	1782.081	39.859	1782.081	1.0	1.023
1964.236	0.123	1964.236	1964.236	-706.784	1964.236	1.0	0.735
1964.815	0.125	1964.815	1964.815	-659.765	1964.815	1.0	0.749
1969.279	0.178	1969.279	1969.279	-248.952	1969.279	1.0	0.888
1929.011	0.341	1929.011	1929.011	46.063	1929.011	1.0	1.024
1967.335	0.293	1967.335	1967.335	-274.116	1967.335	1.0	0.878
1542.54	0.515	1542.54	1542.54	44.127	1542.54	1.0	1.029
1417.064	0.517	1417.064	1417.064	46.361	1417.064	1.0	1.034
							
							
							
							
							
							
1608.222	0.517	1608.222	1608.222	51.759	1608.222	1.0	1.033
							
							
							
							
1726.612	0.513	1726.612	1726.612	42.439	1726.612	1.0	1.025
1963.517	0.478	1963.517	1963.517	-92.175	1963.517	1.0	0.955
1968.893	0.466	1968.893	1968.893	-144.849	1968.893	1.0	0.931
1428.818	1.034	1428.818	1428.818	46.505	1428.818	1.0	1.034
							
							
1414.04	1.032	1414.04	1414.04	43.337	1414.04	1.0	1.032
766.626	1.031	766.626	766.626	22.862	766.626	1.0	1.031
							
1967.438	0.495	1967.438	1967.438	-19.999	1967.438	1.0	0.99
1971.21	0.505	1971.21	1971.21	20.008	1971.21	1.0	1.01
1556.416	0.519	1556.416	1556.416	58.003	1556.416	1.0	1.039
							
1654.784	1.032	1654.784	1654.784	51.881	1654.784	1.0	1.032
1469.245	0.514	1469.245	1469.245	40.492	1469.245	1.0	1.028
1680.489	0.517	1680.489	1680.489	54.366	1680.489	1.0	1.033
1509.533	0.343	1509.533	1509.533	44.544	1509.533	1.0	1.03
1744.728	0.518	1744.728	1744.728	60.556	1744.728	1.0	1.036
1975.183	0.13	1975.183	1975.183	-556.518	1975.183	1.0	0.78
							
1444.215	0.514	1444.215	1444.215	38.682	1444.215	1.0	1.028
1658.959	0.514	1658.959	1658.959	44.447	1658.959	1.0	1.028
1510.354	0.515	1510.354	1510.354	45.365	1510.354	1.0	1.031
							
							
							
758.831	1.034	758.831	758.831	25.271	758.831	1.0	1.034
1968.742	0.124	1968.742	1968.742	-679.059	1968.742	1.0	0.744
1969.824	0.118	1969.824	1969.824	-805.686	1969.824	1.0	0.71
1967.02	0.163	1967.02	1967.02	-448.581	1967.02	1.0	0.814
1973.083	0.327	1973.083	1973.083	-36.169	1973.083	1.0	0.982
1973.746	0.193	1973.746	1973.746	-581.175	1973.746	1.0	0.773
							
1969.11	0.11	1969.11	1969.11	-1015.38	1969.11	1.0	0.66
1975.944	0.111	1975.944	1975.944	-985.326	1975.944	1.0	0.667
1977.005	0.155	1977.005	1977.005	-566.306	1977.005	1.0	0.777
1975.917	0.307	1975.917	1975.917	-172.654	1975.917	1.0	0.92
1970.065	0.209	1970.065	1970.065	-387.486	1970.065	1.0	0.836
1832.585	0.512	1832.585	1832.585	43.923	1832.585	1.0	1.025
							
